depth1_cd,depth1_nm,depth2_cd,depth2_nm,depth3_cd,depth3_nm
01,경영·사무·금융·보험,011,행정·경영·금융·보험 관리직,011100,의회의원·고위공무원 및 공공단체임원
01,경영·사무·금융·보험,011,행정·경영·금융·보험 관리직,011200,기업 고위임원
01,경영·사무·금융·보험,011,행정·경영·금융·보험 관리직,012100,정부행정 관리자
01,경영·사무·금융·보험,011,행정·경영·금융·보험 관리직,012200,경영지원 관리자
01,경영·사무·금융·보험,011,행정·경영·금융·보험 관리직,012201,경영기획 부서장
01,경영·사무·금융·보험,011,행정·경영·금융·보험 관리직,012202,인사·노무·교육·총무·감사 부서장
01,경영·사무·금융·보험,011,행정·경영·금융·보험 관리직,012203,자재·구매 부서장
01,경영·사무·금융·보험,011,행정·경영·금융·보험 관리직,012204,재무·회계·경리 부서장
01,경영·사무·금융·보험,011,행정·경영·금융·보험 관리직,012205,기타 경영지원 서비스 관리자
01,경영·사무·금융·보험,011,행정·경영·금융·보험 관리직,012300,마케팅·광고·홍보 관리자(부서장)
01,경영·사무·금융·보험,011,행정·경영·금융·보험 관리직,012400,금융·보험 관리자(부서장)
01,경영·사무·금융·보험,012,교육·법률·복지·의료·예술·방송·정보통신 등 전문서비스 관리직,013100,연구 관리자
01,경영·사무·금융·보험,012,교육·법률·복지·의료·예술·방송·정보통신 등 전문서비스 관리직,013200,교육 관리자(부서장)
01,경영·사무·금융·보험,012,교육·법률·복지·의료·예술·방송·정보통신 등 전문서비스 관리직,013300,법률·경찰·소방·교도 관리자
01,경영·사무·금융·보험,012,교육·법률·복지·의료·예술·방송·정보통신 등 전문서비스 관리직,013400,보건·의료 관리자(부서장)
01,경영·사무·금융·보험,012,교육·법률·복지·의료·예술·방송·정보통신 등 전문서비스 관리직,013500,사회복지 관리자(부서장)
01,경영·사무·금융·보험,012,교육·법률·복지·의료·예술·방송·정보통신 등 전문서비스 관리직,013600,예술·디자인·방송 관리자(부서장)
01,경영·사무·금융·보험,012,교육·법률·복지·의료·예술·방송·정보통신 등 전문서비스 관리직,013700,정보통신 관리자(부서장)
01,경영·사무·금융·보험,012,교육·법률·복지·의료·예술·방송·정보통신 등 전문서비스 관리직,013900,부동산·조사·인력알선 및 기타 전문서비스 관리자
01,경영·사무·금융·보험,012,교육·법률·복지·의료·예술·방송·정보통신 등 전문서비스 관리직,013901,부동산·임대업 관리자
01,경영·사무·금융·보험,012,교육·법률·복지·의료·예술·방송·정보통신 등 전문서비스 관리직,013902,아파트 관리소장
01,경영·사무·금융·보험,012,교육·법률·복지·의료·예술·방송·정보통신 등 전문서비스 관리직,013903,빌딩 관리소장
01,경영·사무·금융·보험,012,교육·법률·복지·의료·예술·방송·정보통신 등 전문서비스 관리직,013904,조사·인력공급·알선 및 기타 전문서비스 관리자(부서장)
01,경영·사무·금융·보험,012,교육·법률·복지·의료·예술·방송·정보통신 등 전문서비스 관리직,014100,미용·여행·숙박·스포츠 관리자
01,경영·사무·금융·보험,013,미용·여행·숙박·음식 등 개인서비스 및 영업·판매·운송 관리직,014101,미용·여행·숙박 관리자
01,경영·사무·금융·보험,013,미용·여행·숙박·음식 등 개인서비스 및 영업·판매·운송 관리직,014102,스포츠 관리자
01,경영·사무·금융·보험,013,미용·여행·숙박·음식 등 개인서비스 및 영업·판매·운송 관리직,014200,음식서비스 관리자
01,경영·사무·금융·보험,013,미용·여행·숙박·음식 등 개인서비스 및 영업·판매·운송 관리직,014300,경비·청소 관리자
01,경영·사무·금융·보험,013,미용·여행·숙박·음식 등 개인서비스 및 영업·판매·운송 관리직,014301,경비 관리자
01,경영·사무·금융·보험,013,미용·여행·숙박·음식 등 개인서비스 및 영업·판매·운송 관리직,014302,환경·청소 관리자
01,경영·사무·금융·보험,013,미용·여행·숙박·음식 등 개인서비스 및 영업·판매·운송 관리직,015100,영업·판매 관리자
01,경영·사무·금융·보험,013,미용·여행·숙박·음식 등 개인서비스 및 영업·판매·운송 관리직,015101,영업 관리자(영업소장·지점장)
01,경영·사무·금융·보험,013,미용·여행·숙박·음식 등 개인서비스 및 영업·판매·운송 관리직,015102,판매 관리자(소규모 판매점장 제외)
01,경영·사무·금융·보험,013,미용·여행·숙박·음식 등 개인서비스 및 영업·판매·운송 관리직,015200,운송 관리자(부서장)
01,경영·사무·금융·보험,013,미용·여행·숙박·음식 등 개인서비스 및 영업·판매·운송 관리직,015900,각종 단체 및 기타 고객서비스 관리자
01,경영·사무·금융·보험,014,건설·채굴·제조·생산 관리직,016100,건설·채굴 관리자(부서장)
01,경영·사무·금융·보험,014,건설·채굴·제조·생산 관리직,016200,전기·가스·수도 관리자(부서장)
01,경영·사무·금융·보험,014,건설·채굴·제조·생산 관리직,016300,제조·생산 관리자
01,경영·사무·금융·보험,014,건설·채굴·제조·생산 관리직,016301,기계·금속·비금속 제조 관리자(공장장)
01,경영·사무·금융·보험,014,건설·채굴·제조·생산 관리직,016302,화학 제조 관리자(공장장)
01,경영·사무·금융·보험,014,건설·채굴·제조·생산 관리직,016303,섬유·의류 제조 관리자(공장장)
01,경영·사무·금융·보험,014,건설·채굴·제조·생산 관리직,016304,전기·전자 제조 관리자(공장장)
01,경영·사무·금융·보험,014,건설·채굴·제조·생산 관리직,016305,식품가공 제조 관리자(공장장)
01,경영·사무·금융·보험,014,건설·채굴·제조·생산 관리직,016306,기타 제품 제조 관리자(공장장)
01,경영·사무·금융·보험,014,건설·채굴·제조·생산 관리직,016900,기타 건설·전기 및 제조 관리자
01,경영·사무·금융·보험,014,건설·채굴·제조·생산 관리직,016901,수리·정비 관리자(부서장)
01,경영·사무·금융·보험,014,건설·채굴·제조·생산 관리직,016902,농림어업 및 기타 생산 관리자
01,경영·사무·금융·보험,015,행정·경영·회계·광고·상품기획 전문가,021000,정부·공공행정 전문가
01,경영·사무·금융·보험,015,행정·경영·회계·광고·상품기획 전문가,022100,경영 컨설턴트(M&A·창업·인증심사·FTA)
01,경영·사무·금융·보험,015,행정·경영·회계·광고·상품기획 전문가,022201,인사·노무 전문가
01,경영·사무·금융·보험,015,행정·경영·회계·광고·상품기획 전문가,022202,HRD·교육·훈련 전문가
01,경영·사무·금융·보험,015,행정·경영·회계·광고·상품기획 전문가,023100,회계사
01,경영·사무·금융·보험,015,행정·경영·회계·광고·상품기획 전문가,023200,세무사
01,경영·사무·금융·보험,015,행정·경영·회계·광고·상품기획 전문가,023301,관세사
01,경영·사무·금융·보험,015,행정·경영·회계·광고·상품기획 전문가,023302,FTA 원산지관리사
01,경영·사무·금융·보험,015,행정·경영·회계·광고·상품기획 전문가,023400,감정 전문가
01,경영·사무·금융·보험,015,행정·경영·회계·광고·상품기획 전문가,023401,감정평가사
01,경영·사무·금융·보험,015,행정·경영·회계·광고·상품기획 전문가,023402,감정사(문화재·보석·문서·음식료품 및 조향사)
01,경영·사무·금융·보험,015,행정·경영·회계·광고·상품기획 전문가,024101,광고·홍보 전문가
01,경영·사무·금융·보험,015,행정·경영·회계·광고·상품기획 전문가,024102,마케팅 전문가
01,경영·사무·금융·보험,015,행정·경영·회계·광고·상품기획 전문가,024200,조사 전문가
01,경영·사무·금융·보험,015,행정·경영·회계·광고·상품기획 전문가,024301,상품 기획자
01,경영·사무·금융·보험,015,행정·경영·회계·광고·상품기획 전문가,024302,머천다이저(MD)
01,경영·사무·금융·보험,015,행정·경영·회계·광고·상품기획 전문가,024400,행사 기획자
01,경영·사무·금융·보험,015,행정·경영·회계·광고·상품기획 전문가,024401,행사·이벤트 기획자
01,경영·사무·금융·보험,015,행정·경영·회계·광고·상품기획 전문가,024402,전시·회의 기획자
01,경영·사무·금융·보험,015,행정·경영·회계·광고·상품기획 전문가,231400,직업상담사
01,경영·사무·금융·보험,016,정부·공공행정 사무,025100,조세행정 사무원
01,경영·사무·금융·보험,016,정부·공공행정 사무,025200,관세행정 사무원
01,경영·사무·금융·보험,016,정부·공공행정 사무,025300,병무행정 사무원
01,경영·사무·금융·보험,016,정부·공공행정 사무,025401,국가·지방행정 사무원
01,경영·사무·금융·보험,016,정부·공공행정 사무,025402,군무원
01,경영·사무·금융·보험,016,정부·공공행정 사무,025500,공공행정 사무원
01,경영·사무·금융·보험,016,정부·공공행정 사무,026100,기획·마케팅 사무원
01,경영·사무·금융·보험,017,경영지원 사무,026101,경영 기획 사무원
01,경영·사무·금융·보험,017,경영지원 사무,026102,마케팅·광고·홍보·상품기획 사무원
01,경영·사무·금융·보험,017,경영지원 사무,026103,영업 기획·관리·지원 사무원
01,경영·사무·금융·보험,017,경영지원 사무,026104,분양·임대 사무원
01,경영·사무·금융·보험,017,경영지원 사무,026200,인사·교육·훈련 사무원
01,경영·사무·금융·보험,017,경영지원 사무,026201,인사 사무원
01,경영·사무·금융·보험,017,경영지원 사무,026202,노무 사무원
01,경영·사무·금융·보험,017,경영지원 사무,026203,교육·훈련 사무원
01,경영·사무·금융·보험,017,경영지원 사무,026300,총무 사무원 및 대학 행정조교
01,경영·사무·금융·보험,017,경영지원 사무,026301,총무 및 일반 사무원
01,경영·사무·금융·보험,017,경영지원 사무,026302,병원행정 사무원(원무)
01,경영·사무·금융·보험,017,경영지원 사무,026303,학교행정 사무원(교무)
01,경영·사무·금융·보험,017,경영지원 사무,026304,대학 행정조교
01,경영·사무·금융·보험,017,경영지원 사무,026305,협회·회원단체 사무원
01,경영·사무·금융·보험,017,경영지원 사무,026306,기숙사사감 및 독서실·고시원 총무
01,경영·사무·금융·보험,017,경영지원 사무,026400,감사 사무원
01,경영·사무·금융·보험,017,경영지원 사무,215200,대학 교육 조교(TA) 및 연구 조교(RA)
01,경영·사무·금융·보험,017,경영지원 사무,222000,법률 사무원
01,경영·사무·금융·보험,018,회계·경리 사무,027100,회계 사무원
01,경영·사무·금융·보험,018,회계·경리 사무,027101,재무 사무원
01,경영·사무·금융·보험,018,회계·경리 사무,027102,회계 사무원(회계·세무 사무소)
01,경영·사무·금융·보험,018,회계·경리 사무,027103,회계 사무원(일반 사업체)
01,경영·사무·금융·보험,018,회계·경리 사무,027200,경리 사무원
01,경영·사무·금융·보험,018,회계·경리 사무,027201,경리 사무원(무역)
01,경영·사무·금융·보험,018,회계·경리 사무,027202,경리 사무원(운수)
01,경영·사무·금융·보험,018,회계·경리 사무,027203,경리 사무원(건설)
01,경영·사무·금융·보험,018,회계·경리 사무,027204,경리 사무원(제조)
01,경영·사무·금융·보험,018,회계·경리 사무,027205,경리 사무원(회계·세무 사무소)
01,경영·사무·금융·보험,018,회계·경리 사무,027206,경리 사무원(일반사업체)
01,경영·사무·금융·보험,018,회계·경리 사무,027207,경리 사무원(아파트·빌딩)
01,경영·사무·금융·보험,018,회계·경리 사무,027208,단순 경리 사무원
01,경영·사무·금융·보험,019,무역·운송·자재·구매·생산·품질 사무,028100,무역 사무원
01,경영·사무·금융·보험,019,무역·운송·자재·구매·생산·품질 사무,028101,무역 사무원(영어)
01,경영·사무·금융·보험,019,무역·운송·자재·구매·생산·품질 사무,028102,무역 사무원(중국어)
01,경영·사무·금융·보험,019,무역·운송·자재·구매·생산·품질 사무,028103,무역 사무원(일본어)
01,경영·사무·금융·보험,019,무역·운송·자재·구매·생산·품질 사무,028104,무역 사무원(기타 언어)
01,경영·사무·금융·보험,019,무역·운송·자재·구매·생산·품질 사무,028105,관세 사무원
01,경영·사무·금융·보험,019,무역·운송·자재·구매·생산·품질 사무,028106,FTA 관리 사무원
01,경영·사무·금융·보험,019,무역·운송·자재·구매·생산·품질 사무,028200,운송 사무원
01,경영·사무·금융·보험,019,무역·운송·자재·구매·생산·품질 사무,028201,도로 운송 사무원(배차사무 포함)
01,경영·사무·금융·보험,019,무역·운송·자재·구매·생산·품질 사무,028202,철도·지하철 운송 사무원
01,경영·사무·금융·보험,019,무역·운송·자재·구매·생산·품질 사무,028203,항공 운송 사무원
01,경영·사무·금융·보험,019,무역·운송·자재·구매·생산·품질 사무,028204,수상 운송 사무원(해상 운송)
01,경영·사무·금융·보험,019,무역·운송·자재·구매·생산·품질 사무,028300,자재·구매·물류 사무원
01,경영·사무·금융·보험,019,무역·운송·자재·구매·생산·품질 사무,028301,자재·구매 사무원(건설)
01,경영·사무·금융·보험,019,무역·운송·자재·구매·생산·품질 사무,028302,자재·구매 사무원(기계·자동차·금속)
01,경영·사무·금융·보험,019,무역·운송·자재·구매·생산·품질 사무,028303,자재·구매 사무원(화학·섬유·의류)
01,경영·사무·금융·보험,019,무역·운송·자재·구매·생산·품질 사무,028304,자재·구매 사무원(전기·전자·컴퓨터)
01,경영·사무·금융·보험,019,무역·운송·자재·구매·생산·품질 사무,028305,자재·구매 사무원(음식료품)
01,경영·사무·금융·보험,019,무역·운송·자재·구매·생산·품질 사무,028306,자재·구매 사무원(일반 사업체)
01,경영·사무·금융·보험,019,무역·운송·자재·구매·생산·품질 사무,028307,창고 관리원(자재 검수원 포함)
01,경영·사무·금융·보험,019,무역·운송·자재·구매·생산·품질 사무,028308,물류 사무원(물류 관리사)
01,경영·사무·금융·보험,019,무역·운송·자재·구매·생산·품질 사무,028400,생산·품질 사무원
01,경영·사무·금융·보험,019,무역·운송·자재·구매·생산·품질 사무,028401,생산·품질 사무원 및 관리원(건설)
01,경영·사무·금융·보험,019,무역·운송·자재·구매·생산·품질 사무,028402,생산·품질 사무원 및 관리원(기계·자동차·금속)
01,경영·사무·금융·보험,019,무역·운송·자재·구매·생산·품질 사무,028403,생산·품질 사무원 및 관리원(화학·섬유·의료)
01,경영·사무·금융·보험,019,무역·운송·자재·구매·생산·품질 사무,028404,생산·품질 사무원 및 관리원(전기·전자·컴퓨터)
01,경영·사무·금융·보험,019,무역·운송·자재·구매·생산·품질 사무,028405,생산·품질 사무원 및 관리원(음식료품)
01,경영·사무·금융·보험,019,무역·운송·자재·구매·생산·품질 사무,028406,생산·품질 사무원 및 관리원(그 외 분야)
01,경영·사무·금융·보험,01A,안내·접수·고객상담 사무,029100,안내·접수원 및 전화교환원
01,경영·사무·금융·보험,01A,안내·접수·고객상담 사무,029101,일반 예약·접수 사무원(AS·고장·가입 및 호텔·콘도 등 제외)
01,경영·사무·금융·보험,01A,안내·접수·고객상담 사무,029102,예약·접수 사무원(A/S·고장·가입·신규발급·이전)
01,경영·사무·금융·보험,01A,안내·접수·고객상담 사무,029103,호텔·콘도·숙박시설 프론트 사무원
01,경영·사무·금융·보험,01A,안내·접수·고객상담 사무,029104,데스크 안내원
01,경영·사무·금융·보험,01A,안내·접수·고객상담 사무,029105,방송 안내원
01,경영·사무·금융·보험,01A,안내·접수·고객상담 사무,029200,고객 상담원 및 모니터 요원
01,경영·사무·금융·보험,01A,안내·접수·고객상담 사무,029201,콜센터 매니저
01,경영·사무·금융·보험,01A,안내·접수·고객상담 사무,029202,콜센터 상담원(콜센터·고객센터·CS센터)
01,경영·사무·금융·보험,01A,안내·접수·고객상담 사무,029203,고객 상담원(학원·학습지·유학·이민)
01,경영·사무·금융·보험,01A,안내·접수·고객상담 사무,029204,고객 상담원(금융·보험·부동산)
01,경영·사무·금융·보험,01A,안내·접수·고객상담 사무,029205,고객 상담원(스포츠·예식·항공·여행·숙박·오락)
01,경영·사무·금융·보험,01A,안내·접수·고객상담 사무,029206,고객 상담원(홈 및 인터넷쇼핑몰·택배·운송)
01,경영·사무·금융·보험,01A,안내·접수·고객상담 사무,029207,고객 상담원(백화점·마트)
01,경영·사무·금융·보험,01A,안내·접수·고객상담 사무,029208,고객 상담원(인터넷·통신)
01,경영·사무·금융·보험,01A,안내·접수·고객상담 사무,029209,고객 상담원(A/S·고장·제품사용)
01,경영·사무·금융·보험,01A,안내·접수·고객상담 사무,029210,병원 코디네이터
01,경영·사무·금융·보험,01A,안내·접수·고객상담 사무,029211,모니터 요원
01,경영·사무·금융·보험,01B,통계·비서·사무보조·기타 사무,029301,통계 사무원
01,경영·사무·금융·보험,01B,통계·비서·사무보조·기타 사무,029302,통계·설문 조사원(슈퍼바이저 포함)
01,경영·사무·금융·보험,01B,통계·비서·사무보조·기타 사무,029400,비서
01,경영·사무·금융·보험,01B,통계·비서·사무보조·기타 사무,029500,전산자료 입력원 및 사무 보조원
01,경영·사무·금융·보험,01B,통계·비서·사무보조·기타 사무,029501,전산자료 입력원(DB·단순자료)
01,경영·사무·금융·보험,01B,통계·비서·사무보조·기타 사무,029502,전산자료 입력원(약국·판매·대리점)
01,경영·사무·금융·보험,01B,통계·비서·사무보조·기타 사무,029503,홈페이지 자료관리원(정보검색 포함)
01,경영·사무·금융·보험,01B,통계·비서·사무보조·기타 사무,029504,HTML 코더
01,경영·사무·금융·보험,01B,통계·비서·사무보조·기타 사무,029505,사무 보조원(공공기관)
01,경영·사무·금융·보험,01B,통계·비서·사무보조·기타 사무,029506,사무 보조원(일반사업체)
01,경영·사무·금융·보험,01B,통계·비서·사무보조·기타 사무,029900,기타 사무원
01,경영·사무·금융·보험,01B,통계·비서·사무보조·기타 사무,029901,도서 정리원
01,경영·사무·금융·보험,01B,통계·비서·사무보조·기타 사무,029902,출판·자료 편집 사무원
01,경영·사무·금융·보험,01B,통계·비서·사무보조·기타 사무,029903,속기사
01,경영·사무·금융·보험,01B,통계·비서·사무보조·기타 사무,029904,행정사·문서대행자
01,경영·사무·금융·보험,01B,통계·비서·사무보조·기타 사무,029905,취업 알선원(직업소개소)
01,경영·사무·금융·보험,01B,통계·비서·사무보조·기타 사무,029906,부동산 중개 보조 사무원
01,경영·사무·금융·보험,01B,통계·비서·사무보조·기타 사무,134301,정보시스템 운영자
01,경영·사무·금융·보험,01B,통계·비서·사무보조·기타 사무,231400,직업상담사
01,경영·사무·금융·보험,01B,통계·비서·사무보조·기타 사무,613000,텔레마케터
01,경영·사무·금융·보험,01C,금융·보험 전문가,031100,투자·신용 분석가(애널리스트)
01,경영·사무·금융·보험,01C,금융·보험 전문가,031200,자산 운용가(펀드매니저)
01,경영·사무·금융·보험,01C,금융·보험 전문가,031300,보험·금융상품 개발자
01,경영·사무·금융·보험,01C,금융·보험 전문가,031400,증권·외환 딜러
01,경영·사무·금융·보험,01C,금융·보험 전문가,031500,손해사정사
01,경영·사무·금융·보험,01C,금융·보험 전문가,031900,금융 컨설턴트· PB 등 기타 금융·보험 전문가
01,경영·사무·금융·보험,01D,금융·보험 사무 및 영업,032100,은행 사무원(출납창구 제외)
01,경영·사무·금융·보험,01D,금융·보험 사무 및 영업,032200,증권 사무원(출납창구 제외)
01,경영·사무·금융·보험,01D,금융·보험 사무 및 영업,032300,보험 심사원 및 사무원
01,경영·사무·금융·보험,01D,금융·보험 사무 및 영업,032400,출납창구 사무원
01,경영·사무·금융·보험,01D,금융·보험 사무 및 영업,032401,출납창구 사무원(은행·농협·수협·축협)
01,경영·사무·금융·보험,01D,금융·보험 사무 및 영업,032402,출납창구 사무원(우체국·새마을금고)
01,경영·사무·금융·보험,01D,금융·보험 사무 및 영업,032403,출납창구 사무원(증권 및 기타 금융기관)
01,경영·사무·금융·보험,01D,금융·보험 사무 및 영업,032500,수금원 및 신용 추심원
01,경영·사무·금융·보험,01D,금융·보험 사무 및 영업,032501,수금원
01,경영·사무·금융·보험,01D,금융·보험 사무 및 영업,032502,신용 추심원(채권 관리원)
01,경영·사무·금융·보험,01D,금융·보험 사무 및 영업,032503,연체 안내원(체납 고지원)
01,경영·사무·금융·보험,01D,금융·보험 사무 및 영업,032900,카드사·신협·새마을금고·할부사· 우체국(금융부문) 등 기타 사무원
01,경영·사무·금융·보험,01D,금융·보험 사무 및 영업,033100,대출·신용카드 모집인
01,경영·사무·금융·보험,01D,금융·보험 사무 및 영업,033200,보험 모집인 및 투자 권유 대행인
01,경영·사무·금융·보험,01D,금융·보험 사무 및 영업,033201,보험 대리인 및 중개인
01,경영·사무·금융·보험,01D,금융·보험 사무 및 영업,033203,투자 권유 대행인
02,연구 및 공학기술,021,인문·사회·자연·생명과학 연구 및 시험,110100,인문과학 연구원
02,연구 및 공학기술,021,인문·사회·자연·생명과학 연구 및 시험,110200,사회과학 연구원
02,연구 및 공학기술,021,인문·사회·자연·생명과학 연구 및 시험,121100,자연과학 연구원
02,연구 및 공학기술,021,인문·사회·자연·생명과학 연구 및 시험,121200,자연과학 시험원
02,연구 및 공학기술,021,인문·사회·자연·생명과학 연구 및 시험,122101,생명과학 연구원
02,연구 및 공학기술,021,인문·사회·자연·생명과학 연구 및 시험,122102,농어업 연구원 및 기술자
02,연구 및 공학기술,021,인문·사회·자연·생명과학 연구 및 시험,122103,임업 및 산림 연구원 및 기술자
02,연구 및 공학기술,021,인문·사회·자연·생명과학 연구 및 시험,122200,생명과학 시험원
02,연구 및 공학기술,021,인문·사회·자연·생명과학 연구 및 시험,122300,농림어업 시험원
02,연구 및 공학기술,021,인문·사회·자연·생명과학 연구 및 시험,215200,대학 교육 조교(TA) 및 연구 조교(RA)
02,연구 및 공학기술,022,컴퓨터하드웨어·통신공학,131100,컴퓨터 하드웨어 기술자 및 연구원
02,연구 및 공학기술,022,컴퓨터하드웨어·통신공학,131200,통신공학 기술자 및 연구원
02,연구 및 공학기술,022,컴퓨터하드웨어·통신공학,131201,통신기기·장비 개발자 및 연구원
02,연구 및 공학기술,022,컴퓨터하드웨어·통신공학,131202,통신기술 개발자 및 통신망 운영 기술자
02,연구 및 공학기술,022,컴퓨터하드웨어·통신공학,131203,통신공사 감리 기술자
02,연구 및 공학기술,022,컴퓨터하드웨어·통신공학,132000,컴퓨터시스템 전문가
02,연구 및 공학기술,023,컴퓨터시스템,132001,IT 컨설턴트
02,연구 및 공학기술,023,컴퓨터시스템,132002,컴퓨터시스템 설계 및 분석가
02,연구 및 공학기술,023,컴퓨터시스템,132003,IT 감리 전문가(시스템 감리)
02,연구 및 공학기술,024,소프트웨어,133100,시스템 소프트웨어 개발자
02,연구 및 공학기술,024,소프트웨어,133101,시스템 소프트웨어 개발자(프로그래머)
02,연구 및 공학기술,024,소프트웨어,133102,펌웨어 및 임베디드 소프트웨어 프로그래머
02,연구 및 공학기술,024,소프트웨어,133200,응용 소프트웨어 개발자
02,연구 및 공학기술,024,소프트웨어,133201,JAVA 프로그래밍 언어 전문가
02,연구 및 공학기술,024,소프트웨어,133202,C언어 및 그 외 프로그래밍 언어 전문가
02,연구 및 공학기술,024,소프트웨어,133203,범용 응용 소프트웨어 프로그래머(ERP·정보처리·재무관리 등)
02,연구 및 공학기술,024,소프트웨어,133204,산업특화 응용 소프트웨어 프로그래머(국방·항공·교통·에너지·금융·자동차 등)
02,연구 및 공학기술,024,소프트웨어,133205,네트워크 프로그래머
02,연구 및 공학기술,024,소프트웨어,133206,게임 프로그래머
02,연구 및 공학기술,024,소프트웨어,133207,모바일 애플리케이션 프로그래머(앱·어플 개발)
02,연구 및 공학기술,024,소프트웨어,133300,웹 개발자
02,연구 및 공학기술,024,소프트웨어,133301,웹 개발자(웹 엔지니어·웹 프로그래머)
02,연구 및 공학기술,024,소프트웨어,133302,웹 기획자
02,연구 및 공학기술,024,소프트웨어,133900,IT 테스터 및 IT QA 전문가
02,연구 및 공학기술,025,데이터·네트워크 및 시스템 운영,134100,데이터 전문가
02,연구 및 공학기술,025,데이터·네트워크 및 시스템 운영,134101,데이터 설계 및 프로그래머
02,연구 및 공학기술,025,데이터·네트워크 및 시스템 운영,134102,데이터 분석가(빅데이터 분석가)
02,연구 및 공학기술,025,데이터·네트워크 및 시스템 운영,134103,데이터베이스 운영·관리자
02,연구 및 공학기술,025,데이터·네트워크 및 시스템 운영,134200,네트워크 시스템 개발자
02,연구 및 공학기술,025,데이터·네트워크 및 시스템 운영,134301,정보시스템 운영자
02,연구 및 공학기술,025,데이터·네트워크 및 시스템 운영,134302,네트워크 관리자(클라우딩컴퓨터운영관리자)
02,연구 및 공학기술,025,데이터·네트워크 및 시스템 운영,134303,IT 기술지원 전문가
02,연구 및 공학기술,025,데이터·네트워크 및 시스템 운영,134400,웹 운영자(홈페이지 관리자)
02,연구 및 공학기술,025,데이터·네트워크 및 시스템 운영,134900,디지털 포렌식 전문가 및 기타 데이터·네트워크 전문가
02,연구 및 공학기술,026,정보 보안 및 통신·방송 송출,135000,정보보안 전문가
02,연구 및 공학기술,026,정보 보안 및 통신·방송 송출,135001,정보보호 전문가
02,연구 및 공학기술,026,정보 보안 및 통신·방송 송출,135002,침해사고 대응 전문가
02,연구 및 공학기술,026,정보 보안 및 통신·방송 송출,136000,통신·방송송출 장비 기사
02,연구 및 공학기술,027,건설·채굴 연구 및 공학기술,140100,건축가(건축설계 포함)
02,연구 및 공학기술,027,건설·채굴 연구 및 공학기술,140200,건축공학 기술자
02,연구 및 공학기술,027,건설·채굴 연구 및 공학기술,140201,건축 현장소장
02,연구 및 공학기술,027,건설·채굴 연구 및 공학기술,140202,건축구조 기술자
02,연구 및 공학기술,027,건설·채굴 연구 및 공학기술,140203,건축시공 기술자(건축견적· 공무포함)
02,연구 및 공학기술,027,건설·채굴 연구 및 공학기술,140204,건축설비 기술자
02,연구 및 공학기술,027,건설·채굴 연구 및 공학기술,140205,건축감리 기술자
02,연구 및 공학기술,027,건설·채굴 연구 및 공학기술,140206,건축안전·환경·품질·에너지관리 기술자
02,연구 및 공학기술,027,건설·채굴 연구 및 공학기술,140300,토목공학 기술자
02,연구 및 공학기술,027,건설·채굴 연구 및 공학기술,140301,토목 현장소장
02,연구 및 공학기술,027,건설·채굴 연구 및 공학기술,140302,토목구조 설계 기술자
02,연구 및 공학기술,027,건설·채굴 연구 및 공학기술,140303,토목시공 기술자(토목견적· 공무포함)
02,연구 및 공학기술,027,건설·채굴 연구 및 공학기술,140304,토목감리 기술자
02,연구 및 공학기술,027,건설·채굴 연구 및 공학기술,140305,토목안전·환경·품질 기술자
02,연구 및 공학기술,027,건설·채굴 연구 및 공학기술,140400,조경 기술자
02,연구 및 공학기술,027,건설·채굴 연구 및 공학기술,140500,도시·교통 전문가
02,연구 및 공학기술,027,건설·채굴 연구 및 공학기술,140501,도시 계획·설계가
02,연구 및 공학기술,027,건설·채굴 연구 및 공학기술,140502,교통 계획·설계·안전·영향평가 전문가
02,연구 및 공학기술,027,건설·채굴 연구 및 공학기술,140600,측량·지리정보 전문가
02,연구 및 공학기술,027,건설·채굴 연구 및 공학기술,140601,측량사
02,연구 및 공학기술,027,건설·채굴 연구 및 공학기술,140602,지도제작 및 지리정보시스템 전문가
02,연구 및 공학기술,027,건설·채굴 연구 및 공학기술,140700,건설자재 시험원
02,연구 및 공학기술,028,기계·로봇·금속·재료 연구 및 공학기술,151100,기계공학 기술자 및 연구원
02,연구 및 공학기술,028,기계·로봇·금속·재료 연구 및 공학기술,151101,산업기계공학 기술자 및 연구원
02,연구 및 공학기술,028,기계·로봇·금속·재료 연구 및 공학기술,151102,건설기계공학 기술자 및 연구원
02,연구 및 공학기술,028,기계·로봇·금속·재료 연구 및 공학기술,151103,금형공학 기술자 및 연구원
02,연구 및 공학기술,028,기계·로봇·금속·재료 연구 및 공학기술,151104,플랜트공학 기술자 및 연구원
02,연구 및 공학기술,028,기계·로봇·금속·재료 연구 및 공학기술,151105,냉난방·공조공학 기술자 및 연구원
02,연구 및 공학기술,028,기계·로봇·금속·재료 연구 및 공학기술,151106,조선·해양공학 기술자 및 연구원
02,연구 및 공학기술,028,기계·로봇·금속·재료 연구 및 공학기술,151107,항공기·철도차량 공학 기술자 및 연구원
02,연구 및 공학기술,028,기계·로봇·금속·재료 연구 및 공학기술,151108,자동차공학 기술자 및 연구원
02,연구 및 공학기술,028,기계·로봇·금속·재료 연구 및 공학기술,151109,기타 기계공학 기술자 및 연구원
02,연구 및 공학기술,028,기계·로봇·금속·재료 연구 및 공학기술,151110,기계감리 기술자
02,연구 및 공학기술,028,기계·로봇·금속·재료 연구 및 공학기술,151200,로봇공학 기술자 및 연구원
02,연구 및 공학기술,028,기계·로봇·금속·재료 연구 및 공학기술,151300,기계·로봇공학 시험원
02,연구 및 공학기술,028,기계·로봇·금속·재료 연구 및 공학기술,152100,금속·재료공학 기술자 및 연구원
02,연구 및 공학기술,028,기계·로봇·금속·재료 연구 및 공학기술,152200,금속·재료공학 시험원
02,연구 및 공학기술,029,전기·전자 연구 및 공학기술,153100,전기공학 기술자 및 연구원
02,연구 및 공학기술,029,전기·전자 연구 및 공학기술,153101,전기기기·제품 개발 기술자 및 연구원
02,연구 및 공학기술,029,전기·전자 연구 및 공학기술,153102,전기계측 제어 기술자(전기패널· 계장· 공정자동화전기 등)
02,연구 및 공학기술,029,전기·전자 연구 및 공학기술,153103,발전설비 기술자
02,연구 및 공학기술,029,전기·전자 연구 및 공학기술,153104,송·배전설비 기술자
02,연구 및 공학기술,029,전기·전자 연구 및 공학기술,153105,전기공사 기술자(전기견적· 공무포함)
02,연구 및 공학기술,029,전기·전자 연구 및 공학기술,153106,전기감리 기술자
02,연구 및 공학기술,029,전기·전자 연구 및 공학기술,153107,전기안전 기술자
02,연구 및 공학기술,029,전기·전자 연구 및 공학기술,153200,전자공학 기술자 및 연구원
02,연구 및 공학기술,029,전기·전자 연구 및 공학기술,153201,전자부품 개발 기술자 및 연구원
02,연구 및 공학기술,029,전기·전자 연구 및 공학기술,153202,산업용 전자제품 개발 기술자 및 연구원
02,연구 및 공학기술,029,전기·전자 연구 및 공학기술,153203,가전제품 개발 기술자 및 연구원
02,연구 및 공학기술,029,전기·전자 연구 및 공학기술,153204,전자의료기기 개발 기술자 및 연구원
02,연구 및 공학기술,029,전기·전자 연구 및 공학기술,153205,반도체공학 기술자 및 연구원
02,연구 및 공학기술,029,전기·전자 연구 및 공학기술,153206,전자제어계측 기술자 및 연구원
02,연구 및 공학기술,029,전기·전자 연구 및 공학기술,153300,전기·전자공학 시험원
02,연구 및 공학기술,02A,화학·에너지·환경 연구 및 공학기술,154100,화학공학 기술자 및 연구원
02,연구 및 공학기술,02A,화학·에너지·환경 연구 및 공학기술,154101,석유화학 기술자 및 연구원
02,연구 및 공학기술,02A,화학·에너지·환경 연구 및 공학기술,154102,고무·플라스틱 기술자 및 연구원
02,연구 및 공학기술,02A,화학·에너지·환경 연구 및 공학기술,154103,도료제품 기술자 및 연구원
02,연구 및 공학기술,02A,화학·에너지·환경 연구 및 공학기술,154104,화장품·비누제품 기술자 및 연구원
02,연구 및 공학기술,02A,화학·에너지·환경 연구 및 공학기술,154105,의약품· 농약· 비료 등 기타 석유화학 기술자 및 연구원
02,연구 및 공학기술,02A,화학·에너지·환경 연구 및 공학기술,154200,화학공학 시험원
02,연구 및 공학기술,02A,화학·에너지·환경 연구 및 공학기술,155100,가스·에너지공학 기술자 및 연구원
02,연구 및 공학기술,02A,화학·에너지·환경 연구 및 공학기술,155101,가스 기술자 및 연구원
02,연구 및 공학기술,02A,화학·에너지·환경 연구 및 공학기술,155102,에너지공학 기술자 및 연구원(에너지· 탐사· 시추)
02,연구 및 공학기술,02A,화학·에너지·환경 연구 및 공학기술,155200,가스·에너지 시험원
02,연구 및 공학기술,02A,화학·에너지·환경 연구 및 공학기술,155300,환경공학 기술자 및 연구원
02,연구 및 공학기술,02A,화학·에너지·환경 연구 및 공학기술,155301,대기 환경 기술자 및 연구원
02,연구 및 공학기술,02A,화학·에너지·환경 연구 및 공학기술,155302,수질 환경 기술자 및 연구원
02,연구 및 공학기술,02A,화학·에너지·환경 연구 및 공학기술,155303,폐기물처리 기술자 및 연구원
02,연구 및 공학기술,02A,화학·에너지·환경 연구 및 공학기술,155304,환경영향 평가원
02,연구 및 공학기술,02A,화학·에너지·환경 연구 및 공학기술,155305,소음진동· 토양 등 기타 환경 기술자 및 연구원
02,연구 및 공학기술,02A,화학·에너지·환경 연구 및 공학기술,155400,환경공학 시험원
02,연구 및 공학기술,02A,화학·에너지·환경 연구 및 공학기술,155500,보건위생·환경 검사원
02,연구 및 공학기술,02B,섬유·식품·소방·방재·산업안전 연구 및 공학기술,156100,섬유공학 기술자 및 연구원
02,연구 및 공학기술,02B,섬유·식품·소방·방재·산업안전 연구 및 공학기술,156200,섬유공학 시험원(섬유·염료)
02,연구 및 공학기술,02B,섬유·식품·소방·방재·산업안전 연구 및 공학기술,157100,식품공학 기술자 및 연구원
02,연구 및 공학기술,02B,섬유·식품·소방·방재·산업안전 연구 및 공학기술,157200,식품공학 시험원
02,연구 및 공학기술,02B,섬유·식품·소방·방재·산업안전 연구 및 공학기술,158100,방재 기술자 및 연구원
02,연구 및 공학기술,02B,섬유·식품·소방·방재·산업안전 연구 및 공학기술,158200,소방공학 기술자 및 연구원
02,연구 및 공학기술,02B,섬유·식품·소방·방재·산업안전 연구 및 공학기술,158201,소방설계 기술자
02,연구 및 공학기술,02B,섬유·식품·소방·방재·산업안전 연구 및 공학기술,158202,소방시설·설비 시공 기술자
02,연구 및 공학기술,02B,섬유·식품·소방·방재·산업안전 연구 및 공학기술,158203,소방공사 감리 기술자
02,연구 및 공학기술,02B,섬유·식품·소방·방재·산업안전 연구 및 공학기술,158300,소방공학 시험원
02,연구 및 공학기술,02B,섬유·식품·소방·방재·산업안전 연구 및 공학기술,158400,산업 안전원 및 위험물 관리원
02,연구 및 공학기술,02B,섬유·식품·소방·방재·산업안전 연구 및 공학기술,158500,비파괴 검사원
02,연구 및 공학기술,02C,제도사(3D프린팅포함) 및 기타 인쇄·목재 등 공학기술,159100,제도사
02,연구 및 공학기술,02C,제도사(3D프린팅포함) 및 기타 인쇄·목재 등 공학기술,159101,건축 제도사(캐드원)
02,연구 및 공학기술,02C,제도사(3D프린팅포함) 및 기타 인쇄·목재 등 공학기술,159102,토목 제도사(캐드원)
02,연구 및 공학기술,02C,제도사(3D프린팅포함) 및 기타 인쇄·목재 등 공학기술,159103,기계·금속 제도사(캐드원)
02,연구 및 공학기술,02C,제도사(3D프린팅포함) 및 기타 인쇄·목재 등 공학기술,159104,전기·전자 장비 제도사(캐드원)
02,연구 및 공학기술,02C,제도사(3D프린팅포함) 및 기타 인쇄·목재 등 공학기술,159105,3D 프린팅 제도사
02,연구 및 공학기술,02C,제도사(3D프린팅포함) 및 기타 인쇄·목재 등 공학기술,159106,기타 제도사(캐드원)
02,연구 및 공학기술,02C,제도사(3D프린팅포함) 및 기타 인쇄·목재 등 공학기술,159900,기타 인쇄·목재 등 공학 기술자 및 시험원
03,교육·법률·사회복지·경찰·소방 및 군인,031,대학교수·학교 및 유치원 교사,211100,대학 교수
03,교육·법률·사회복지·경찰·소방 및 군인,031,대학교수·학교 및 유치원 교사,211200,대학 시간강사(초빙·겸임·BK·강의전담 교수 등 비전임교원 포함)
03,교육·법률·사회복지·경찰·소방 및 군인,031,대학교수·학교 및 유치원 교사,212100,중·고등학교 교사
03,교육·법률·사회복지·경찰·소방 및 군인,031,대학교수·학교 및 유치원 교사,212101,국어 교사
03,교육·법률·사회복지·경찰·소방 및 군인,031,대학교수·학교 및 유치원 교사,212102,수학 교사
03,교육·법률·사회복지·경찰·소방 및 군인,031,대학교수·학교 및 유치원 교사,212103,사회 교사
03,교육·법률·사회복지·경찰·소방 및 군인,031,대학교수·학교 및 유치원 교사,212104,과학 교사
03,교육·법률·사회복지·경찰·소방 및 군인,031,대학교수·학교 및 유치원 교사,212105,예체능 교사
03,교육·법률·사회복지·경찰·소방 및 군인,031,대학교수·학교 및 유치원 교사,212106,실업 교사
03,교육·법률·사회복지·경찰·소방 및 군인,031,대학교수·학교 및 유치원 교사,212107,외국어 교사
03,교육·법률·사회복지·경찰·소방 및 군인,031,대학교수·학교 및 유치원 교사,212108,진로·교양·기타 교사
03,교육·법률·사회복지·경찰·소방 및 군인,031,대학교수·학교 및 유치원 교사,212109,기타 중·고등학교 교사
03,교육·법률·사회복지·경찰·소방 및 군인,031,대학교수·학교 및 유치원 교사,212200,초등학교 교사
03,교육·법률·사회복지·경찰·소방 및 군인,031,대학교수·학교 및 유치원 교사,212300,특수교육 교사
03,교육·법률·사회복지·경찰·소방 및 군인,031,대학교수·학교 및 유치원 교사,212900,기타 교사
03,교육·법률·사회복지·경찰·소방 및 군인,031,대학교수·학교 및 유치원 교사,213000,유치원 교사
03,교육·법률·사회복지·경찰·소방 및 군인,031,대학교수·학교 및 유치원 교사,232100,보육 교사
03,교육·법률·사회복지·경찰·소방 및 군인,032,문리·어학 강사,214100,문리·어학 강사
03,교육·법률·사회복지·경찰·소방 및 군인,032,문리·어학 강사,214101,국어 강사
03,교육·법률·사회복지·경찰·소방 및 군인,032,문리·어학 강사,214102,수학 강사
03,교육·법률·사회복지·경찰·소방 및 군인,032,문리·어학 강사,214103,사회 강사
03,교육·법률·사회복지·경찰·소방 및 군인,032,문리·어학 강사,214104,과학 강사
03,교육·법률·사회복지·경찰·소방 및 군인,032,문리·어학 강사,214105,성인고시·입사시험 학원 강사
03,교육·법률·사회복지·경찰·소방 및 군인,032,문리·어학 강사,214106,영어 강사
03,교육·법률·사회복지·경찰·소방 및 군인,032,문리·어학 강사,214107,중국어 강사
03,교육·법률·사회복지·경찰·소방 및 군인,032,문리·어학 강사,214108,일본어 강사
03,교육·법률·사회복지·경찰·소방 및 군인,032,문리·어학 강사,214109,한국어 강사(다문화 언어지도사 포함)
03,교육·법률·사회복지·경찰·소방 및 군인,032,문리·어학 강사,214110,그 외 외국어 강사
03,교육·법률·사회복지·경찰·소방 및 군인,032,문리·어학 강사,214111,독서·논술 강사
03,교육·법률·사회복지·경찰·소방 및 군인,032,문리·어학 강사,214113,그 외 문리·어학 강사
03,교육·법률·사회복지·경찰·소방 및 군인,033,컴퓨터·기술·기능계 강사,214200,컴퓨터 강사
03,교육·법률·사회복지·경찰·소방 및 군인,033,컴퓨터·기술·기능계 강사,214201,컴퓨터 기초 강사(OA· 워드· 엑셀· 컴퓨터활용능력 등)
03,교육·법률·사회복지·경찰·소방 및 군인,033,컴퓨터·기술·기능계 강사,214202,프로그래밍·웹·웹디자인·DB 강사
03,교육·법률·사회복지·경찰·소방 및 군인,033,컴퓨터·기술·기능계 강사,214301,간호조무사· 간병· 관광안내 강사
03,교육·법률·사회복지·경찰·소방 및 군인,033,컴퓨터·기술·기능계 강사,214302,디자인·캐드 강사
03,교육·법률·사회복지·경찰·소방 및 군인,033,컴퓨터·기술·기능계 강사,214303,이미용·예식 강사
03,교육·법률·사회복지·경찰·소방 및 군인,033,컴퓨터·기술·기능계 강사,214304,요리 강사
03,교육·법률·사회복지·경찰·소방 및 군인,033,컴퓨터·기술·기능계 강사,214305,자동차운전강사
03,교육·법률·사회복지·경찰·소방 및 군인,033,컴퓨터·기술·기능계 강사,214306,건설토목강사
03,교육·법률·사회복지·경찰·소방 및 군인,033,컴퓨터·기술·기능계 강사,214307,기계·금속·전기·전자 강사
03,교육·법률·사회복지·경찰·소방 및 군인,033,컴퓨터·기술·기능계 강사,214308,기타 기술·기능 강사
03,교육·법률·사회복지·경찰·소방 및 군인,034,예능·학습지·기타 강사,214400,예능 강사
03,교육·법률·사회복지·경찰·소방 및 군인,034,예능·학습지·기타 강사,214401,미술 강사
03,교육·법률·사회복지·경찰·소방 및 군인,034,예능·학습지·기타 강사,214402,음악 강사
03,교육·법률·사회복지·경찰·소방 및 군인,034,예능·학습지·기타 강사,214403,무용 강사
03,교육·법률·사회복지·경찰·소방 및 군인,034,예능·학습지·기타 강사,214404,기타 예능 강사(바둑·웅변·연기·꽃꽂이·종이접기 등)
03,교육·법률·사회복지·경찰·소방 및 군인,034,예능·학습지·기타 강사,214900,교육연수기관 및 기업체내 강사(리더십· 서비스마인드 등)
03,교육·법률·사회복지·경찰·소방 및 군인,034,예능·학습지·기타 강사,420401,태권도·검도·합기도 등 무술사범
03,교육·법률·사회복지·경찰·소방 및 군인,034,예능·학습지·기타 강사,420402,수영·골프·테니스·배드민턴·탁구 등 스포츠 강사
03,교육·법률·사회복지·경찰·소방 및 군인,035,장학관·교육조교(RA포함) 및 교사·보육 보조,215100,장학관·연구관 및 교육 전문가
03,교육·법률·사회복지·경찰·소방 및 군인,035,장학관·교육조교(RA포함) 및 교사·보육 보조,215101,장학관·연구관·입학사정관
03,교육·법률·사회복지·경찰·소방 및 군인,035,장학관·교육조교(RA포함) 및 교사·보육 보조,215102,교재·교구 및 e-learning 교육 전문가
03,교육·법률·사회복지·경찰·소방 및 군인,035,장학관·교육조교(RA포함) 및 교사·보육 보조,215200,대학 교육 조교(TA) 및 연구 조교(RA)
03,교육·법률·사회복지·경찰·소방 및 군인,035,장학관·교육조교(RA포함) 및 교사·보육 보조,215300,교사보조 및 보육보조 서비스 종사원
03,교육·법률·사회복지·경찰·소방 및 군인,035,장학관·교육조교(RA포함) 및 교사·보육 보조,215301,교사 보조원
03,교육·법률·사회복지·경찰·소방 및 군인,035,장학관·교육조교(RA포함) 및 교사·보육 보조,215302,보육시설 서비스 종사원
03,교육·법률·사회복지·경찰·소방 및 군인,036,법률 전문가 및 법률 사무,221100,판사 및 검사
03,교육·법률·사회복지·경찰·소방 및 군인,036,법률 전문가 및 법률 사무,221200,변호사
03,교육·법률·사회복지·경찰·소방 및 군인,036,법률 전문가 및 법률 사무,221300,법무사 및 집행관
03,교육·법률·사회복지·경찰·소방 및 군인,036,법률 전문가 및 법률 사무,221400,변리사
03,교육·법률·사회복지·경찰·소방 및 군인,036,법률 전문가 및 법률 사무,221900,외국 변호사 등 기타 법률 전문가
03,교육·법률·사회복지·경찰·소방 및 군인,036,법률 전문가 및 법률 사무,222000,법률 사무원
03,교육·법률·사회복지·경찰·소방 및 군인,036,법률 전문가 및 법률 사무,222001,법률 사무원(법원· 로펌· 법무사무소 등)
03,교육·법률·사회복지·경찰·소방 및 군인,036,법률 전문가 및 법률 사무,222002,특허·저작권 사무원
03,교육·법률·사회복지·경찰·소방 및 군인,036,법률 전문가 및 법률 사무,222003,법무 사무원(일반 기업체)
03,교육·법률·사회복지·경찰·소방 및 군인,037,사회복지·상담·직업상담·시민단체활동,029905,취업 알선원(직업소개소)
03,교육·법률·사회복지·경찰·소방 및 군인,037,사회복지·상담·직업상담·시민단체활동,231100,사회복지사
03,교육·법률·사회복지·경찰·소방 및 군인,037,사회복지·상담·직업상담·시민단체활동,231101,사회복지사(사회복지시설)
03,교육·법률·사회복지·경찰·소방 및 군인,037,사회복지·상담·직업상담·시민단체활동,231102,사회복지사(공공행정)
03,교육·법률·사회복지·경찰·소방 및 군인,037,사회복지·상담·직업상담·시민단체활동,231103,사회복지프로그램 운영자
03,교육·법률·사회복지·경찰·소방 및 군인,037,사회복지·상담·직업상담·시민단체활동,231104,방과후 교사 및 지도사
03,교육·법률·사회복지·경찰·소방 및 군인,037,사회복지·상담·직업상담·시민단체활동,231200,상담 전문가
03,교육·법률·사회복지·경찰·소방 및 군인,037,사회복지·상담·직업상담·시민단체활동,231201,심리상담 전문가
03,교육·법률·사회복지·경찰·소방 및 군인,037,사회복지·상담·직업상담·시민단체활동,231202,가족·학교·아동·청소년·노인·중독 등 상담 전문가
03,교육·법률·사회복지·경찰·소방 및 군인,037,사회복지·상담·직업상담·시민단체활동,231300,청소년 지도사
03,교육·법률·사회복지·경찰·소방 및 군인,037,사회복지·상담·직업상담·시민단체활동,231400,직업상담사
03,교육·법률·사회복지·경찰·소방 및 군인,037,사회복지·상담·직업상담·시민단체활동,231500,시민단체 활동가
03,교육·법률·사회복지·경찰·소방 및 군인,038,보육교사·생활지도원 및 종교직,232100,보육 교사
03,교육·법률·사회복지·경찰·소방 및 군인,038,보육교사·생활지도원 및 종교직,232900,기타 사회복지 종사원
03,교육·법률·사회복지·경찰·소방 및 군인,038,보육교사·생활지도원 및 종교직,232901,노인 생활지도원
03,교육·법률·사회복지·경찰·소방 및 군인,038,보육교사·생활지도원 및 종교직,232902,아동 생활지도원
03,교육·법률·사회복지·경찰·소방 및 군인,038,보육교사·생활지도원 및 종교직,232903,장애인 생활지도원(장애인활동보조원 포함)
03,교육·법률·사회복지·경찰·소방 및 군인,038,보육교사·생활지도원 및 종교직,232904,그 외 사회복지 종사원
03,교육·법률·사회복지·경찰·소방 및 군인,038,보육교사·생활지도원 및 종교직,233100,성직자
03,교육·법률·사회복지·경찰·소방 및 군인,038,보육교사·생활지도원 및 종교직,233900,기타 종교 종사자
03,교육·법률·사회복지·경찰·소방 및 군인,039,경찰·소방·교도·군인,240100,경찰관 및 수사관
03,교육·법률·사회복지·경찰·소방 및 군인,039,경찰·소방·교도·군인,240200,소방관
03,교육·법률·사회복지·경찰·소방 및 군인,039,경찰·소방·교도·군인,240300,교도관 및 소년원학교 교사
03,교육·법률·사회복지·경찰·소방 및 군인,039,경찰·소방·교도·군인,250100,영관급 이상 장교
03,교육·법률·사회복지·경찰·소방 및 군인,039,경찰·소방·교도·군인,250200,위관급 장교
03,교육·법률·사회복지·경찰·소방 및 군인,039,경찰·소방·교도·군인,250300,부사관
03,교육·법률·사회복지·경찰·소방 및 군인,039,경찰·소방·교도·군인,250900,기타 군인
04,보건·의료,041,의사·한의사·치과의사,301100,전문 의사
04,보건·의료,041,의사·한의사·치과의사,301200,일반 의사
04,보건·의료,041,의사·한의사·치과의사,301300,한의사
04,보건·의료,041,의사·한의사·치과의사,301400,치과 의사
04,보건·의료,042,수의사·약사 및 한약사·간호사·영양사,302000,수의사
04,보건·의료,042,수의사·약사 및 한약사·간호사·영양사,303000,약사 및 한약사
04,보건·의료,042,수의사·약사 및 한약사·간호사·영양사,304000,간호사
04,보건·의료,042,수의사·약사 및 한약사·간호사·영양사,304001,전문 간호사
04,보건·의료,042,수의사·약사 및 한약사·간호사·영양사,304002,일반 간호사
04,보건·의료,042,수의사·약사 및 한약사·간호사·영양사,304003,보건교사
04,보건·의료,042,수의사·약사 및 한약사·간호사·영양사,305000,영양사
04,보건·의료,042,수의사·약사 및 한약사·간호사·영양사,307500,간호조무사
04,보건·의료,043,의료기사·치료사·재활사,306100,임상병리사
04,보건·의료,043,의료기사·치료사·재활사,306200,방사선사
04,보건·의료,043,의료기사·치료사·재활사,306300,치과기공사
04,보건·의료,043,의료기사·치료사·재활사,306400,치과위생사
04,보건·의료,043,의료기사·치료사·재활사,306500,물리 및 작업 치료사
04,보건·의료,043,의료기사·치료사·재활사,306501,물리치료사
04,보건·의료,043,의료기사·치료사·재활사,306502,작업치료사
04,보건·의료,043,의료기사·치료사·재활사,306600,임상심리사(심리치료사)
04,보건·의료,043,의료기사·치료사·재활사,306700,재활공학 기사(의지보조기기사)
04,보건·의료,043,의료기사·치료사·재활사,306900,기타 치료·재활사 및 의료기사
04,보건·의료,043,의료기사·치료사·재활사,306901,언어·청능 치료사
04,보건·의료,043,의료기사·치료사·재활사,306902,놀이·음악·미술·독서 등 치료사
04,보건·의료,043,의료기사·치료사·재활사,306903,운동처방사
04,보건·의료,044,그 외 보건·의료 종사자,026302,병원행정 사무원(원무)
04,보건·의료,044,그 외 보건·의료 종사자,029210,병원 코디네이터
04,보건·의료,044,그 외 보건·의료 종사자,307100,응급구조사(인명구조원· 119구조대원 포함)
04,보건·의료,044,그 외 보건·의료 종사자,307200,위생사
04,보건·의료,044,그 외 보건·의료 종사자,307300,안경사
04,보건·의료,044,그 외 보건·의료 종사자,307400,의무기록사
04,보건·의료,044,그 외 보건·의료 종사자,307500,간호조무사
04,보건·의료,044,그 외 보건·의료 종사자,307501,간호조무사(요양병원 제외)
04,보건·의료,044,그 외 보건·의료 종사자,307502,요양병원 간호조무사
04,보건·의료,044,그 외 보건·의료 종사자,307600,안마사
04,보건·의료,044,그 외 보건·의료 종사자,307900,기타 보건·의료 종사원
04,보건·의료,044,그 외 보건·의료 종사자,307901,의료 보조원
04,보건·의료,044,그 외 보건·의료 종사자,307902,산후조리 종사원(산모 도우미)
04,보건·의료,044,그 외 보건·의료 종사자,307903,기타 보건·의료 서비스 종사원
04,보건·의료,044,그 외 보건·의료 종사자,550101,간병인(재가 제외)
04,보건·의료,044,그 외 보건·의료 종사자,550102,재가 간병인
04,보건·의료,044,그 외 보건·의료 종사자,550103,시설 요양보호사(노인요양사)
04,보건·의료,044,그 외 보건·의료 종사자,550104,재가 요양보호사
04,보건·의료,044,그 외 보건·의료 종사자,550200,육아 도우미(베이비시터)
05,예술·디자인·방송·스포츠,051,작가·통·번역 및 출판물 전문가,029902,출판·자료 편집 사무원
05,예술·디자인·방송·스포츠,051,작가·통·번역 및 출판물 전문가,411100,작가
05,예술·디자인·방송·스포츠,051,작가·통·번역 및 출판물 전문가,411200,번역가 및 통역가
05,예술·디자인·방송·스포츠,051,작가·통·번역 및 출판물 전문가,411201,번역가(영어)
05,예술·디자인·방송·스포츠,051,작가·통·번역 및 출판물 전문가,411202,번역가(중국어)
05,예술·디자인·방송·스포츠,051,작가·통·번역 및 출판물 전문가,411203,번역가(일본어)
05,예술·디자인·방송·스포츠,051,작가·통·번역 및 출판물 전문가,411204,번역가(기타 언어)
05,예술·디자인·방송·스포츠,051,작가·통·번역 및 출판물 전문가,411205,통역가(영어)
05,예술·디자인·방송·스포츠,051,작가·통·번역 및 출판물 전문가,411206,통역가(중국어)
05,예술·디자인·방송·스포츠,051,작가·통·번역 및 출판물 전문가,411207,통역가(일본어)
05,예술·디자인·방송·스포츠,051,작가·통·번역 및 출판물 전문가,411208,통역가(기타 언어)
05,예술·디자인·방송·스포츠,051,작가·통·번역 및 출판물 전문가,411209,수화 및 의료 통역가
05,예술·디자인·방송·스포츠,051,작가·통·번역 및 출판물 전문가,411300,출판물 전문가
05,예술·디자인·방송·스포츠,052,기자 및 언론 전문가,412000,기자 및 언론 전문가
05,예술·디자인·방송·스포츠,052,기자 및 언론 전문가,412001,신문·방송 기자
05,예술·디자인·방송·스포츠,052,기자 및 언론 전문가,412002,잡지·생활정보지 및 기타 기자
05,예술·디자인·방송·스포츠,053,학예사·사서·기록물관리사,413100,학예사 및 문화재 보존원
05,예술·디자인·방송·스포츠,053,학예사·사서·기록물관리사,413101,학예사(큐레이터)
05,예술·디자인·방송·스포츠,053,학예사·사서·기록물관리사,413102,문화재보존원(컨서베이터)
05,예술·디자인·방송·스포츠,053,학예사·사서·기록물관리사,413200,사서 및 기록물 관리사
05,예술·디자인·방송·스포츠,053,학예사·사서·기록물관리사,413201,사서
05,예술·디자인·방송·스포츠,053,학예사·사서·기록물관리사,413202,기록물 관리사(기록물관리전문요원)
05,예술·디자인·방송·스포츠,054,창작·공연 (작가 및 연극 제외),214401,미술 강사
05,예술·디자인·방송·스포츠,054,창작·공연 (작가 및 연극 제외),214402,음악 강사
05,예술·디자인·방송·스포츠,054,창작·공연 (작가 및 연극 제외),214403,무용 강사
05,예술·디자인·방송·스포츠,054,창작·공연 (작가 및 연극 제외),414100,화가 및 조각가
05,예술·디자인·방송·스포츠,054,창작·공연 (작가 및 연극 제외),414200,사진작가 및 사진사
05,예술·디자인·방송·스포츠,054,창작·공연 (작가 및 연극 제외),414300,만화가 및 만화영화 작가
05,예술·디자인·방송·스포츠,054,창작·공연 (작가 및 연극 제외),414301,만화가
05,예술·디자인·방송·스포츠,054,창작·공연 (작가 및 연극 제외),414302,만화영화 작가(애니메이터)
05,예술·디자인·방송·스포츠,054,창작·공연 (작가 및 연극 제외),414400,국악인 및 전통 예능인
05,예술·디자인·방송·스포츠,054,창작·공연 (작가 및 연극 제외),414500,지휘자· 작곡가 및 연주가
05,예술·디자인·방송·스포츠,054,창작·공연 (작가 및 연극 제외),414600,가수 및 성악가
05,예술·디자인·방송·스포츠,054,창작·공연 (작가 및 연극 제외),414700,무용가 및 안무가
05,예술·디자인·방송·스포츠,054,창작·공연 (작가 및 연극 제외),414900,기타 시각 및 공연 예술가
05,예술·디자인·방송·스포츠,054,창작·공연 (작가 및 연극 제외),414901,조련사(공연)·마술사 등 기타 시각 및 공연 예술가
05,예술·디자인·방송·스포츠,054,창작·공연 (작가 및 연극 제외),414902,동화구연사
05,예술·디자인·방송·스포츠,054,창작·공연 (작가 및 연극 제외),417100,공연·영화·음반 기획자
05,예술·디자인·방송·스포츠,055,디자이너 (미디어콘텐츠 제외),159100,제도사
05,예술·디자인·방송·스포츠,055,디자이너 (미디어콘텐츠 제외),415100,제품 디자이너
05,예술·디자인·방송·스포츠,055,디자이너 (미디어콘텐츠 제외),415101,기계·자동차·금속 제품 디자이너
05,예술·디자인·방송·스포츠,055,디자이너 (미디어콘텐츠 제외),415102,조명·전기·전자·통신 기기 디자이너
05,예술·디자인·방송·스포츠,055,디자이너 (미디어콘텐츠 제외),415103,가구 디자이너
05,예술·디자인·방송·스포츠,055,디자이너 (미디어콘텐츠 제외),415104,팬시· 귀금속· 생활잡화 등 기타 제품 디자이너
05,예술·디자인·방송·스포츠,055,디자이너 (미디어콘텐츠 제외),415200,패션 디자이너
05,예술·디자인·방송·스포츠,055,디자이너 (미디어콘텐츠 제외),415201,의상 디자이너
05,예술·디자인·방송·스포츠,055,디자이너 (미디어콘텐츠 제외),415202,직물(텍스타일) 디자이너
05,예술·디자인·방송·스포츠,055,디자이너 (미디어콘텐츠 제외),415203,가방·신발·엑세서리 디자이너
05,예술·디자인·방송·스포츠,055,디자이너 (미디어콘텐츠 제외),415300,실내장식 디자이너
05,예술·디자인·방송·스포츠,055,디자이너 (미디어콘텐츠 제외),415301,인테리어 디자이너
05,예술·디자인·방송·스포츠,055,디자이너 (미디어콘텐츠 제외),415302,무대·세트·디스플레이 디자이너
05,예술·디자인·방송·스포츠,055,디자이너 (미디어콘텐츠 제외),415400,시각 디자이너
05,예술·디자인·방송·스포츠,055,디자이너 (미디어콘텐츠 제외),415401,광고디자이너
05,예술·디자인·방송·스포츠,055,디자이너 (미디어콘텐츠 제외),415402,책·인쇄물·출판 디자이너
05,예술·디자인·방송·스포츠,055,디자이너 (미디어콘텐츠 제외),415403,포장(패키지)디자이너
05,예술·디자인·방송·스포츠,055,디자이너 (미디어콘텐츠 제외),415404,일러스트레이터·삽화가
05,예술·디자인·방송·스포츠,055,디자이너 (미디어콘텐츠 제외),415405,색채전문가(컬러리스트)
05,예술·디자인·방송·스포츠,055,디자이너 (미디어콘텐츠 제외),415406,기타 시각 디자이너
05,예술·디자인·방송·스포츠,055,디자이너 (미디어콘텐츠 제외),701603,내장 목공(인테리어 목공 - 나무창호· 주방가구· 싱크대· 인테리어 치장)
05,예술·디자인·방송·스포츠,056,미디어콘텐츠·UX/UI 디자이너,415500,미디어 콘텐츠 디자이너
05,예술·디자인·방송·스포츠,056,미디어콘텐츠·UX/UI 디자이너,415501,웹 디자이너
05,예술·디자인·방송·스포츠,056,미디어콘텐츠·UX/UI 디자이너,415502,게임 디자이너
05,예술·디자인·방송·스포츠,056,미디어콘텐츠·UX/UI 디자이너,415503,그래픽아트 기술자
05,예술·디자인·방송·스포츠,056,미디어콘텐츠·UX/UI 디자이너,415504,UX/UI 디자이너
05,예술·디자인·방송·스포츠,056,미디어콘텐츠·UX/UI 디자이너,415505,기타 미디어 콘텐츠 디자이너
05,예술·디자인·방송·스포츠,057,연극·영화·방송 (방송기술 포함),416100,감독 및 기술감독
05,예술·디자인·방송·스포츠,057,연극·영화·방송 (방송기술 포함),416200,배우 및 모델
05,예술·디자인·방송·스포츠,057,연극·영화·방송 (방송기술 포함),416301,아나운서 및 리포터
05,예술·디자인·방송·스포츠,057,연극·영화·방송 (방송기술 포함),416302,쇼핑호스트
05,예술·디자인·방송·스포츠,057,연극·영화·방송 (방송기술 포함),416303,사내(장내) 방송 아나운서
05,예술·디자인·방송·스포츠,057,연극·영화·방송 (방송기술 포함),416400,촬영 기사
05,예술·디자인·방송·스포츠,057,연극·영화·방송 (방송기술 포함),416500,음향·녹음 기사
05,예술·디자인·방송·스포츠,057,연극·영화·방송 (방송기술 포함),416600,영상·녹화 및 편집 기사
05,예술·디자인·방송·스포츠,057,연극·영화·방송 (방송기술 포함),416700,조명·영사 기사
05,예술·디자인·방송·스포츠,057,연극·영화·방송 (방송기술 포함),416900,기타 연극·영화·방송 종사원
05,예술·디자인·방송·스포츠,057,연극·영화·방송 (방송기술 포함),416901,방송연출 보조(AD· FD)
05,예술·디자인·방송·스포츠,057,연극·영화·방송 (방송기술 포함),416902,엑스트라·소품·무대의상 관리 등 기타 연극·영화·방송 종사원
05,예술·디자인·방송·스포츠,058,공연·음반 기획 및 매니저,024401,행사·이벤트 기획자
05,예술·디자인·방송·스포츠,058,공연·음반 기획 및 매니저,024402,전시·회의 기획자
05,예술·디자인·방송·스포츠,058,공연·음반 기획 및 매니저,417100,공연·영화·음반 기획자
05,예술·디자인·방송·스포츠,059,스포츠·레크리에이션,417200,연예인매니저 및 스포츠매니저
05,예술·디자인·방송·스포츠,059,스포츠·레크리에이션,420100,스포츠 감독 및 코치
05,예술·디자인·방송·스포츠,059,스포츠·레크리에이션,420200,직업 운동선수
05,예술·디자인·방송·스포츠,059,스포츠·레크리에이션,420300,경기 심판 및 경기 기록원
05,예술·디자인·방송·스포츠,059,스포츠·레크리에이션,420400,스포츠강사· 레크리에이션강사 및 기타 관련 전문가
05,예술·디자인·방송·스포츠,059,스포츠·레크리에이션,420401,태권도·검도·합기도 등 무술사범
05,예술·디자인·방송·스포츠,059,스포츠·레크리에이션,420402,수영·골프·테니스·배드민턴·탁구 등 스포츠 강사
05,예술·디자인·방송·스포츠,059,스포츠·레크리에이션,420403,헬스 트레이너
05,예술·디자인·방송·스포츠,059,스포츠·레크리에이션,420404,에어로빅· 요가 등 기타 스포츠 강사
05,예술·디자인·방송·스포츠,059,스포츠·레크리에이션,420405,레크리에이션 전문가
05,예술·디자인·방송·스포츠,059,스포츠·레크리에이션,420406,프로모터· 경주마 조련사 등 기타 스프츠 관련 전문가
05,예술·디자인·방송·스포츠,059,스포츠·레크리에이션,420900,기타 스포츠 및 여가서비스 종사원
05,예술·디자인·방송·스포츠,059,스포츠·레크리에이션,420901,골프장 캐디
05,예술·디자인·방송·스포츠,059,스포츠·레크리에이션,420902,카지노 딜러
05,예술·디자인·방송·스포츠,059,스포츠·레크리에이션,420903,응원단원 및 기타 스포츠·오락 관련 도우미
06,미용·여행·숙박·음식·경비·돌봄·청소,061,미용 및 반려동물 미용·관리,511100,이용사
06,미용·여행·숙박·음식·경비·돌봄·청소,061,미용 및 반려동물 미용·관리,511200,미용사
06,미용·여행·숙박·음식·경비·돌봄·청소,061,미용 및 반려동물 미용·관리,511300,피부 및 체형 관리사
06,미용·여행·숙박·음식·경비·돌봄·청소,061,미용 및 반려동물 미용·관리,511301,피부 및 체형 관리사(발관리사 포함)
06,미용·여행·숙박·음식·경비·돌봄·청소,061,미용 및 반려동물 미용·관리,511302,네일 아티스트(손톱 관리사)
06,미용·여행·숙박·음식·경비·돌봄·청소,061,미용 및 반려동물 미용·관리,511303,목욕관리 및 기타 피부미용 종사원
06,미용·여행·숙박·음식·경비·돌봄·청소,061,미용 및 반려동물 미용·관리,511400,메이크업 아티스트 및 분장사
06,미용·여행·숙박·음식·경비·돌봄·청소,061,미용 및 반려동물 미용·관리,511401,메이크업아티스트 및 뷰티매니저
06,미용·여행·숙박·음식·경비·돌봄·청소,061,미용 및 반려동물 미용·관리,511402,분장사·특수분장사
06,미용·여행·숙박·음식·경비·돌봄·청소,061,미용 및 반려동물 미용·관리,511500,반려동물 미용 및 관리 종사원
06,미용·여행·숙박·음식·경비·돌봄·청소,061,미용 및 반려동물 미용·관리,511501,반려동물 미용사
06,미용·여행·숙박·음식·경비·돌봄·청소,061,미용 및 반려동물 미용·관리,511502,반려동물 훈련사(맹인견 조련사 포함)
06,미용·여행·숙박·음식·경비·돌봄·청소,061,미용 및 반려동물 미용·관리,511503,반려동물 장의사
06,미용·여행·숙박·음식·경비·돌봄·청소,061,미용 및 반려동물 미용·관리,511504,수의사 보조원(수의간호· 수의테크니션)
06,미용·여행·숙박·음식·경비·돌봄·청소,061,미용 및 반려동물 미용·관리,511900,기타 미용 관련 서비스종사원(패션코디· 이미지컨설턴트 등)
06,미용·여행·숙박·음식·경비·돌봄·청소,062,결혼·장례 등 예식 서비스,512100,결혼상담원 및 웨딩플래너
06,미용·여행·숙박·음식·경비·돌봄·청소,062,결혼·장례 등 예식 서비스,512101,결혼 상담원
06,미용·여행·숙박·음식·경비·돌봄·청소,062,결혼·장례 등 예식 서비스,512102,웨딩 플래너
06,미용·여행·숙박·음식·경비·돌봄·청소,062,결혼·장례 등 예식 서비스,512200,혼례 종사원
06,미용·여행·숙박·음식·경비·돌봄·청소,062,결혼·장례 등 예식 서비스,512300,장례 지도사 및 장례 상담원
06,미용·여행·숙박·음식·경비·돌봄·청소,062,결혼·장례 등 예식 서비스,512400,점술가 및 민속신앙 종사원
06,미용·여행·숙박·음식·경비·돌봄·청소,062,결혼·장례 등 예식 서비스,512900,말벗·노년플래너 등 기타 개인 생활 서비스원
06,미용·여행·숙박·음식·경비·돌봄·청소,063,여행·객실승무·숙박·오락 서비스,029103,호텔·콘도·숙박시설 프론트 사무원
06,미용·여행·숙박·음식·경비·돌봄·청소,063,여행·객실승무·숙박·오락 서비스,420901,골프장 캐디
06,미용·여행·숙박·음식·경비·돌봄·청소,063,여행·객실승무·숙박·오락 서비스,420902,카지노 딜러
06,미용·여행·숙박·음식·경비·돌봄·청소,063,여행·객실승무·숙박·오락 서비스,521100,여행상품 개발자
06,미용·여행·숙박·음식·경비·돌봄·청소,063,여행·객실승무·숙박·오락 서비스,521200,여행 사무원
06,미용·여행·숙박·음식·경비·돌봄·청소,063,여행·객실승무·숙박·오락 서비스,521300,여행 안내원 및 해설사
06,미용·여행·숙박·음식·경비·돌봄·청소,063,여행·객실승무·숙박·오락 서비스,521301,관광통역 안내원
06,미용·여행·숙박·음식·경비·돌봄·청소,063,여행·객실승무·숙박·오락 서비스,521302,여행 안내원
06,미용·여행·숙박·음식·경비·돌봄·청소,063,여행·객실승무·숙박·오락 서비스,521303,박물관·미술관·문화·역사·자연환경 등 각종 해설사
06,미용·여행·숙박·음식·경비·돌봄·청소,063,여행·객실승무·숙박·오락 서비스,522100,항공기 객실승무원
06,미용·여행·숙박·음식·경비·돌봄·청소,063,여행·객실승무·숙박·오락 서비스,522200,선박·열차 객실승무원
06,미용·여행·숙박·음식·경비·돌봄·청소,063,여행·객실승무·숙박·오락 서비스,523000,숙박시설 서비스원
06,미용·여행·숙박·음식·경비·돌봄·청소,063,여행·객실승무·숙박·오락 서비스,524000,오락시설 서비스원
06,미용·여행·숙박·음식·경비·돌봄·청소,063,여행·객실승무·숙박·오락 서비스,524001,오락시설 서비스원(노래방· PC방 등)
06,미용·여행·숙박·음식·경비·돌봄·청소,063,여행·객실승무·숙박·오락 서비스,524002,테마파크 서비스원
06,미용·여행·숙박·음식·경비·돌봄·청소,063,여행·객실승무·숙박·오락 서비스,541905,수학여행 안전요원
06,미용·여행·숙박·음식·경비·돌봄·청소,064,주방장 및 조리사,305000,영양사
06,미용·여행·숙박·음식·경비·돌봄·청소,064,주방장 및 조리사,531100,주방장 및 요리 연구가(푸드코디네이터 포함)
06,미용·여행·숙박·음식·경비·돌봄·청소,064,주방장 및 조리사,531200,한식 조리사
06,미용·여행·숙박·음식·경비·돌봄·청소,064,주방장 및 조리사,531201,한식 조리사(일반 음식점)
06,미용·여행·숙박·음식·경비·돌봄·청소,064,주방장 및 조리사,531202,학교 급식 조리사
06,미용·여행·숙박·음식·경비·돌봄·청소,064,주방장 및 조리사,531203,유치원·어린이집 급식 조리사
06,미용·여행·숙박·음식·경비·돌봄·청소,064,주방장 및 조리사,531204,병원 급식 조리사
06,미용·여행·숙박·음식·경비·돌봄·청소,064,주방장 및 조리사,531205,사업체 구내식당 급식 조리사
06,미용·여행·숙박·음식·경비·돌봄·청소,064,주방장 및 조리사,531300,중식 조리사
06,미용·여행·숙박·음식·경비·돌봄·청소,064,주방장 및 조리사,531400,양식 조리사
06,미용·여행·숙박·음식·경비·돌봄·청소,064,주방장 및 조리사,531500,일식 조리사
06,미용·여행·숙박·음식·경비·돌봄·청소,064,주방장 및 조리사,531600,바텐터(조주사)
06,미용·여행·숙박·음식·경비·돌봄·청소,064,주방장 및 조리사,531700,음료 조리사(바리스타 포함)
06,미용·여행·숙박·음식·경비·돌봄·청소,064,주방장 및 조리사,531900,기타 조리사
06,미용·여행·숙박·음식·경비·돌봄·청소,064,주방장 및 조리사,531901,분식 조리사
06,미용·여행·숙박·음식·경비·돌봄·청소,064,주방장 및 조리사,531902,포장마차·주점 조리사
06,미용·여행·숙박·음식·경비·돌봄·청소,064,주방장 및 조리사,531903,동남아·남미음식 조리사
06,미용·여행·숙박·음식·경비·돌봄·청소,064,주방장 및 조리사,871100,제과·제빵원
06,미용·여행·숙박·음식·경비·돌봄·청소,065,식당 서비스(음식배달 포함),532100,패스트푸드 준비원
06,미용·여행·숙박·음식·경비·돌봄·청소,065,식당 서비스(음식배달 포함),532200,홀서빙원
06,미용·여행·숙박·음식·경비·돌봄·청소,065,식당 서비스(음식배달 포함),532201,호텔·레스토랑 웨이터·웨이트리스
06,미용·여행·숙박·음식·경비·돌봄·청소,065,식당 서비스(음식배달 포함),532202,일반 음식점 서빙원
06,미용·여행·숙박·음식·경비·돌봄·청소,065,식당 서비스(음식배달 포함),532203,주점·커피숍 서빙원
06,미용·여행·숙박·음식·경비·돌봄·청소,065,식당 서비스(음식배달 포함),532300,주방 보조원
06,미용·여행·숙박·음식·경비·돌봄·청소,065,식당 서비스(음식배달 포함),532301,주방 보조원(일반 음식점)
06,미용·여행·숙박·음식·경비·돌봄·청소,065,식당 서비스(음식배달 포함),532302,단체 급식 보조원
06,미용·여행·숙박·음식·경비·돌봄·청소,065,식당 서비스(음식배달 포함),532400,음식 배달원
06,미용·여행·숙박·음식·경비·돌봄·청소,065,식당 서비스(음식배달 포함),532401,음식 배달원
06,미용·여행·숙박·음식·경비·돌봄·청소,065,식당 서비스(음식배달 포함),532402,패스트푸드 배달원
06,미용·여행·숙박·음식·경비·돌봄·청소,065,식당 서비스(음식배달 포함),532900,기타 음식서비스 종사원(병원 배식원)
06,미용·여행·숙박·음식·경비·돌봄·청소,065,식당 서비스(음식배달 포함),872200,김치·밑반찬 제조 종사원
06,미용·여행·숙박·음식·경비·돌봄·청소,066,경호·보안,541100,경호원
06,미용·여행·숙박·음식·경비·돌봄·청소,066,경호·보안,541200,청원경찰
06,미용·여행·숙박·음식·경비·돌봄·청소,066,경호·보안,541300,시설·특수 경비원
06,미용·여행·숙박·음식·경비·돌봄·청소,066,경호·보안,541301,기계·무인 경비원(해당 경비지도사 포함)
06,미용·여행·숙박·음식·경비·돌봄·청소,066,경호·보안,541302,시설·호송·특수 경비원(해당 경비지도사 포함)
06,미용·여행·숙박·음식·경비·돌봄·청소,066,경호·보안,541900,기타 경호·보안 종사원
06,미용·여행·숙박·음식·경비·돌봄·청소,066,경호·보안,541901,보안 관제원(경비 관제원)
06,미용·여행·숙박·음식·경비·돌봄·청소,066,경호·보안,541902,유통·매장·창고 감시원
06,미용·여행·숙박·음식·경비·돌봄·청소,066,경호·보안,541903,주차 단속원 및 안전 순찰원
06,미용·여행·숙박·음식·경비·돌봄·청소,066,경호·보안,541904,레저·테마파크 안전요원
06,미용·여행·숙박·음식·경비·돌봄·청소,066,경호·보안,541905,수학여행 안전요원
06,미용·여행·숙박·음식·경비·돌봄·청소,067,경비원,542000,경비원(건물 관리원)
06,미용·여행·숙박·음식·경비·돌봄·청소,067,경비원,542001,아파트·빌라 경비원
06,미용·여행·숙박·음식·경비·돌봄·청소,067,경비원,542002,건물 경비원(청사·학교·병원·상가·빌딩·공장 등)
06,미용·여행·숙박·음식·경비·돌봄·청소,067,경비원,542003,공사현장 경비원
06,미용·여행·숙박·음식·경비·돌봄·청소,067,경비원,542004,기타 건물 관리원(공원· 종교시설 등)
06,미용·여행·숙박·음식·경비·돌봄·청소,068,돌봄 서비스,550100,요양 보호사 및 간병인
06,미용·여행·숙박·음식·경비·돌봄·청소,068,돌봄 서비스,550101,간병인(재가 제외)
06,미용·여행·숙박·음식·경비·돌봄·청소,068,돌봄 서비스,550102,재가 간병인
06,미용·여행·숙박·음식·경비·돌봄·청소,068,돌봄 서비스,550103,시설 요양보호사(노인요양사)
06,미용·여행·숙박·음식·경비·돌봄·청소,068,돌봄 서비스,550104,재가 요양보호사
06,미용·여행·숙박·음식·경비·돌봄·청소,068,돌봄 서비스,550105,복지시설 보조원
06,미용·여행·숙박·음식·경비·돌봄·청소,068,돌봄 서비스,550200,육아 도우미(베이비시터)
06,미용·여행·숙박·음식·경비·돌봄·청소,069,청소·방역 및 가사 서비스,561100,청소원
06,미용·여행·숙박·음식·경비·돌봄·청소,069,청소·방역 및 가사 서비스,561101,건물 청소원(공공건물·아파트·사무실·병원·상가·공장 등)
06,미용·여행·숙박·음식·경비·돌봄·청소,069,청소·방역 및 가사 서비스,561102,호텔·콘도·숙박시설 청소원(룸메이드·하우스키퍼)
06,미용·여행·숙박·음식·경비·돌봄·청소,069,청소·방역 및 가사 서비스,561103,외벽 및 창문 청소원
06,미용·여행·숙박·음식·경비·돌봄·청소,069,청소·방역 및 가사 서비스,561104,특수 크리닝장비 청소원
06,미용·여행·숙박·음식·경비·돌봄·청소,069,청소·방역 및 가사 서비스,561105,세차원 및 운송장비 청소원
06,미용·여행·숙박·음식·경비·돌봄·청소,069,청소·방역 및 가사 서비스,561200,환경미화원 및 재활용품 수거원
06,미용·여행·숙박·음식·경비·돌봄·청소,069,청소·방역 및 가사 서비스,561201,환경 미화원
06,미용·여행·숙박·음식·경비·돌봄·청소,069,청소·방역 및 가사 서비스,561202,재활용품 및 폐기물 수거원
06,미용·여행·숙박·음식·경비·돌봄·청소,069,청소·방역 및 가사 서비스,561300,배관 세정원 및 방역원
06,미용·여행·숙박·음식·경비·돌봄·청소,069,청소·방역 및 가사 서비스,561301,배관 세정원(물탱크 청소 포함)
06,미용·여행·숙박·음식·경비·돌봄·청소,069,청소·방역 및 가사 서비스,561302,방역원(해충퇴치원 포함)
06,미용·여행·숙박·음식·경비·돌봄·청소,069,청소·방역 및 가사 서비스,561400,구두 미화원
06,미용·여행·숙박·음식·경비·돌봄·청소,069,청소·방역 및 가사 서비스,561500,세탁원(다림질원)
06,미용·여행·숙박·음식·경비·돌봄·청소,069,청소·방역 및 가사 서비스,561601,가사 도우미
06,미용·여행·숙박·음식·경비·돌봄·청소,069,청소·방역 및 가사 서비스,561602,입주 가사도우미
06,미용·여행·숙박·음식·경비·돌봄·청소,06A,검침·주차관리 및 기타 단순 서비스,562100,계기 검침원 및 가스 점검원
06,미용·여행·숙박·음식·경비·돌봄·청소,06A,검침·주차관리 및 기타 단순 서비스,562200,자동판매기 관리원
06,미용·여행·숙박·음식·경비·돌봄·청소,06A,검침·주차관리 및 기타 단순 서비스,562300,주차 관리·안내원
06,미용·여행·숙박·음식·경비·돌봄·청소,06A,검침·주차관리 및 기타 단순 서비스,562400,검표원
06,미용·여행·숙박·음식·경비·돌봄·청소,06A,검침·주차관리 및 기타 단순 서비스,562900,기타 서비스 단순 종사원
06,미용·여행·숙박·음식·경비·돌봄·청소,06A,검침·주차관리 및 기타 단순 서비스,562901,대여제품 방문 점검원
06,미용·여행·숙박·음식·경비·돌봄·청소,06A,검침·주차관리 및 기타 단순 서비스,562902,환경 감시원
06,미용·여행·숙박·음식·경비·돌봄·청소,06A,검침·주차관리 및 기타 단순 서비스,562903,기타 서비스 단순종사원(사우나·찜질방 정리원 등)
06,미용·여행·숙박·음식·경비·돌봄·청소,06A,검침·주차관리 및 기타 단순 서비스,624401,하역·적재 종사원
06,미용·여행·숙박·음식·경비·돌봄·청소,06A,검침·주차관리 및 기타 단순 서비스,624402,물건·이삿짐 운반원
07,영업·판매·운전·운송,071,부동산중개·기술·의약품 및 해외 영업,611000,부동산 컨설턴트 및 중개인
07,영업·판매·운전·운송,071,부동산중개·기술·의약품 및 해외 영업,612100,기술 영업원
07,영업·판매·운전·운송,071,부동산중개·기술·의약품 및 해외 영업,612101,자동차부품 및 운송장비 기술영업원
07,영업·판매·운전·운송,071,부동산중개·기술·의약품 및 해외 영업,612102,기계장비 기술영업원
07,영업·판매·운전·운송,071,부동산중개·기술·의약품 및 해외 영업,612103,화학제품 기술영업원
07,영업·판매·운전·운송,071,부동산중개·기술·의약품 및 해외 영업,612104,전기·전자장비 기술영업원
07,영업·판매·운전·운송,071,부동산중개·기술·의약품 및 해외 영업,612105,의료장비 기술영업원
07,영업·판매·운전·운송,071,부동산중개·기술·의약품 및 해외 영업,612106,IT 기술영업원(전산장비·소프트웨어)
07,영업·판매·운전·운송,071,부동산중개·기술·의약품 및 해외 영업,612107,의약품 영업원(제약 영업원)
07,영업·판매·운전·운송,071,부동산중개·기술·의약품 및 해외 영업,612108,기타 기술영업원
07,영업·판매·운전·운송,071,부동산중개·기술·의약품 및 해외 영업,612200,해외 영업원
07,영업·판매·운전·운송,071,부동산중개·기술·의약품 및 해외 영업,612201,해외 영업원(영어)
07,영업·판매·운전·운송,071,부동산중개·기술·의약품 및 해외 영업,612202,해외 영업원(중국어)
07,영업·판매·운전·운송,071,부동산중개·기술·의약품 및 해외 영업,612203,해외 영업원(일본어)
07,영업·판매·운전·운송,071,부동산중개·기술·의약품 및 해외 영업,612204,해외 영업원(기타 언어권)
07,영업·판매·운전·운송,072,자동차·제품·광고 영업 및 상품 중개,612300,자동차 영업원
07,영업·판매·운전·운송,072,자동차·제품·광고 영업 및 상품 중개,612301,자동차 영업원(자동차 딜러)
07,영업·판매·운전·운송,072,자동차·제품·광고 영업 및 상품 중개,612302,중고차 영업원
07,영업·판매·운전·운송,072,자동차·제품·광고 영업 및 상품 중개,612400,제품·광고 영업원
07,영업·판매·운전·운송,072,자동차·제품·광고 영업 및 상품 중개,612401,식품·주류 영업원
07,영업·판매·운전·운송,072,자동차·제품·광고 영업 및 상품 중개,612402,건설자재 영업원
07,영업·판매·운전·운송,072,자동차·제품·광고 영업 및 상품 중개,612403,건설수주 영업원
07,영업·판매·운전·운송,072,자동차·제품·광고 영업 및 상품 중개,612404,광고·출판 영업원
07,영업·판매·운전·운송,072,자동차·제품·광고 영업 및 상품 중개,612405,체인점 영업원
07,영업·판매·운전·운송,072,자동차·제품·광고 영업 및 상품 중개,612406,상조·렌탈·회원모집 영업원
07,영업·판매·운전·운송,072,자동차·제품·광고 영업 및 상품 중개,612407,일반 영업원
07,영업·판매·운전·운송,072,자동차·제품·광고 영업 및 상품 중개,612500,상품 중개인 및 경매사
07,영업·판매·운전·운송,072,자동차·제품·광고 영업 및 상품 중개,612900,기타 기술 영업·중개 종사원
07,영업·판매·운전·운송,073,텔레마케터(TM),029202,콜센터 상담원(콜센터·고객센터·CS센터)
07,영업·판매·운전·운송,073,텔레마케터(TM),613000,텔레마케터
07,영업·판매·운전·운송,073,텔레마케터(TM),613001,텔레마케터(콜센터)
07,영업·판매·운전·운송,073,텔레마케터(TM),613002,텔레마케터(학원· 학습지· 유학)
07,영업·판매·운전·운송,073,텔레마케터(TM),613003,텔레마케터(금융·보험·대출·부동산)
07,영업·판매·운전·운송,073,텔레마케터(TM),613004,텔레마케터(쇼핑몰· 백화점· 마트)
07,영업·판매·운전·운송,073,텔레마케터(TM),613005,텔레마케터(인터넷· 통신)
07,영업·판매·운전·운송,073,텔레마케터(TM),613006,기타 텔레마케터
07,영업·판매·운전·운송,074,소규모 판매점장 및 상점 판매,531700,음료 조리사(바리스타 포함)
07,영업·판매·운전·운송,074,소규모 판매점장 및 상점 판매,614000,소규모 매장점장(매장매니저·매장슈퍼바이저)
07,영업·판매·운전·운송,074,소규모 판매점장 및 상점 판매,615100,상점 판매원
07,영업·판매·운전·운송,074,소규모 판매점장 및 상점 판매,615101,백화점 판매원
07,영업·판매·운전·운송,074,소규모 판매점장 및 상점 판매,615102,대형마트 판매원
07,영업·판매·운전·운송,074,소규모 판매점장 및 상점 판매,615103,편의점 판매원
07,영업·판매·운전·운송,074,소규모 판매점장 및 상점 판매,615104,면세점 판매원
07,영업·판매·운전·운송,074,소규모 판매점장 및 상점 판매,615105,일반상점 판매원
07,영업·판매·운전·운송,074,소규모 판매점장 및 상점 판매,615106,의류 판매원
07,영업·판매·운전·운송,074,소규모 판매점장 및 상점 판매,615107,화장품 판매원
07,영업·판매·운전·운송,074,소규모 판매점장 및 상점 판매,615108,가구 판매원
07,영업·판매·운전·운송,074,소규모 판매점장 및 상점 판매,615109,가전 판매원(컴퓨터 포함)
07,영업·판매·운전·운송,074,소규모 판매점장 및 상점 판매,615110,음식료품 판매원
07,영업·판매·운전·운송,074,소규모 판매점장 및 상점 판매,615111,꽃 판매원(플로리스트· 토피어리어 포함)
07,영업·판매·운전·운송,074,소규모 판매점장 및 상점 판매,615112,잡화 판매원(사무용품·도서·음반 포함)
07,영업·판매·운전·운송,074,소규모 판매점장 및 상점 판매,616101,매장 계산원
07,영업·판매·운전·운송,075,통신서비스·온라인판매·상품대여·노점·이동판매 및 주유,615200,통신 기기·서비스 판매원
07,영업·판매·운전·운송,075,통신서비스·온라인판매·상품대여·노점·이동판매 및 주유,615201,통신기기 판매원(핸드폰 판매 및 가입)
07,영업·판매·운전·운송,075,통신서비스·온라인판매·상품대여·노점·이동판매 및 주유,615202,통신서비스 판매원(인터넷·IPTV 가입)
07,영업·판매·운전·운송,075,통신서비스·온라인판매·상품대여·노점·이동판매 및 주유,615300,온라인 판매원
07,영업·판매·운전·운송,075,통신서비스·온라인판매·상품대여·노점·이동판매 및 주유,615400,상품 대여원
07,영업·판매·운전·운송,075,통신서비스·온라인판매·상품대여·노점·이동판매 및 주유,615401,자동차 대여원(렌터카)
07,영업·판매·운전·운송,075,통신서비스·온라인판매·상품대여·노점·이동판매 및 주유,615402,생활용품 대여원(정수기·가전제품·의복·어린이 용품)
07,영업·판매·운전·운송,075,통신서비스·온라인판매·상품대여·노점·이동판매 및 주유,615403,기타 대여원(기계장비·오락·스포츠 용품·도서·영상)
07,영업·판매·운전·운송,075,통신서비스·온라인판매·상품대여·노점·이동판매 및 주유,615500,노점 및 이동 판매원
07,영업·판매·운전·운송,075,통신서비스·온라인판매·상품대여·노점·이동판매 및 주유,615700,주유원(가스 충전원)
07,영업·판매·운전·운송,075,통신서비스·온라인판매·상품대여·노점·이동판매 및 주유,615701,주유원(주유판매원)
07,영업·판매·운전·운송,075,통신서비스·온라인판매·상품대여·노점·이동판매 및 주유,615702,가스 충전원
07,영업·판매·운전·운송,076,매장 계산 및 매표,616100,매장 계산원 및 요금 정산원
07,영업·판매·운전·운송,076,매장 계산 및 매표,616101,매장 계산원
07,영업·판매·운전·운송,076,매장 계산 및 매표,616102,요금 정산원(주차요금·통행료)
07,영업·판매·운전·운송,076,매장 계산 및 매표,616200,매표원 및 복권 판매원
07,영업·판매·운전·운송,077,판촉 및 기타 판매 종사자,617100,홍보 도우미 및 판촉원
07,영업·판매·운전·운송,077,판촉 및 기타 판매 종사자,617101,홍보 도우미 및 판촉원(나레이터 모델 포함)
07,영업·판매·운전·운송,077,판촉 및 기타 판매 종사자,617102,이벤트·행사 진행원
07,영업·판매·운전·운송,077,판촉 및 기타 판매 종사자,617900,기타 판매 단순 종사원
07,영업·판매·운전·운송,077,판촉 및 기타 판매 종사자,617901,매장 정리원(매장 보조원)
07,영업·판매·운전·운송,077,판촉 및 기타 판매 종사자,617902,상품 진열원
07,영업·판매·운전·운송,077,판촉 및 기타 판매 종사자,617903,쇼핑몰택배 준비원
07,영업·판매·운전·운송,077,판촉 및 기타 판매 종사자,617904,기타 판매 단순 종사원(전단지배포· 벽보원· 물품 보관원)
07,영업·판매·운전·운송,078,항공기·선박·철도 조종 및 관제,028202,철도·지하철 운송 사무원
07,영업·판매·운전·운송,078,항공기·선박·철도 조종 및 관제,028203,항공 운송 사무원
07,영업·판매·운전·운송,078,항공기·선박·철도 조종 및 관제,028204,수상 운송 사무원(해상 운송)
07,영업·판매·운전·운송,078,항공기·선박·철도 조종 및 관제,621100,항공기 조종사
07,영업·판매·운전·운송,078,항공기·선박·철도 조종 및 관제,621200,선장· 항해사 및 도선사
07,영업·판매·운전·운송,078,항공기·선박·철도 조종 및 관제,621300,철도·전동차 기관사
07,영업·판매·운전·운송,078,항공기·선박·철도 조종 및 관제,621400,관제사(항공·선박·철도 등)
07,영업·판매·운전·운송,078,항공기·선박·철도 조종 및 관제,621900,기타 항공·철도운송종사원(항공기유도원·화물열차차장·신호수)
07,영업·판매·운전·운송,078,항공기·선박·철도 조종 및 관제,885901,드론 조작원
07,영업·판매·운전·운송,079,자동차 운전(택시·버스·화물차·기타 자동차),028201,도로 운송 사무원(배차사무 포함)
07,영업·판매·운전·운송,079,자동차 운전(택시·버스·화물차·기타 자동차),562300,주차 관리·안내원
07,영업·판매·운전·운송,079,자동차 운전(택시·버스·화물차·기타 자동차),622100,택시 운전원
07,영업·판매·운전·운송,079,자동차 운전(택시·버스·화물차·기타 자동차),622200,버스 운전원
07,영업·판매·운전·운송,079,자동차 운전(택시·버스·화물차·기타 자동차),622201,노선버스 운전원(시내· 마을· 시외· 고속)
07,영업·판매·운전·운송,079,자동차 운전(택시·버스·화물차·기타 자동차),622202,관광 및 통근·통학·학원 및 기타 버스 운전원
07,영업·판매·운전·운송,079,자동차 운전(택시·버스·화물차·기타 자동차),622300,화물차·특수차 운전원
07,영업·판매·운전·운송,079,자동차 운전(택시·버스·화물차·기타 자동차),622301,경·소형 화물차 운전원
07,영업·판매·운전·운송,079,자동차 운전(택시·버스·화물차·기타 자동차),622302,중·대형 화물차 운전원(트레일러 포함)
07,영업·판매·운전·운송,079,자동차 운전(택시·버스·화물차·기타 자동차),622303,견인차·유조차·구난차·청소차 등 특수차 운전원
07,영업·판매·운전·운송,079,자동차 운전(택시·버스·화물차·기타 자동차),622900,기타 자동차 운전원
07,영업·판매·운전·운송,079,자동차 운전(택시·버스·화물차·기타 자동차),622901,승용차 운전원(자가용 운전원)
07,영업·판매·운전·운송,079,자동차 운전(택시·버스·화물차·기타 자동차),622902,승합차 운전원
07,영업·판매·운전·운송,079,자동차 운전(택시·버스·화물차·기타 자동차),622903,대리 운전원
07,영업·판매·운전·운송,079,자동차 운전(택시·버스·화물차·기타 자동차),622904,주차 운전원
07,영업·판매·운전·운송,079,자동차 운전(택시·버스·화물차·기타 자동차),622905,호송차량 운전원
07,영업·판매·운전·운송,079,자동차 운전(택시·버스·화물차·기타 자동차),622906,기타 자동차 운전원(렌터카·구급차·우편차·자동차선적 등)
07,영업·판매·운전·운송,07A,물품이동장비 조작,623000,물품이동장비 조작원(크레인·호이스트·지게차)
07,영업·판매·운전·운송,07A,물품이동장비 조작,623001,크레인 운전원(천정·타워 제외)
07,영업·판매·운전·운송,07A,물품이동장비 조작,623002,천장·타워 크레인 운전원
07,영업·판매·운전·운송,07A,물품이동장비 조작,623003,호이스트 운전원
07,영업·판매·운전·운송,07A,물품이동장비 조작,623004,지게차 운전원
07,영업·판매·운전·운송,07A,물품이동장비 조작,623005,리프트·케이블카 조작원
07,영업·판매·운전·운송,07B,택배·납품영업·선박갑판·하역 및 기타 운송,532401,음식 배달원
07,영업·판매·운전·운송,07B,택배·납품영업·선박갑판·하역 및 기타 운송,532402,패스트푸드 배달원
07,영업·판매·운전·운송,07B,택배·납품영업·선박갑판·하역 및 기타 운송,624100,택배원
07,영업·판매·운전·운송,07B,택배·납품영업·선박갑판·하역 및 기타 운송,624101,일반 택배원(퀵서비스 포함)
07,영업·판매·운전·운송,07B,택배·납품영업·선박갑판·하역 및 기타 운송,624102,지하철 택배원
07,영업·판매·운전·운송,07B,택배·납품영업·선박갑판·하역 및 기타 운송,624103,배송·납품 운전원(납품영업 포함)
07,영업·판매·운전·운송,07B,택배·납품영업·선박갑판·하역 및 기타 운송,624200,우편물 집배원
07,영업·판매·운전·운송,07B,택배·납품영업·선박갑판·하역 및 기타 운송,624300,선박 갑판원 및 관련 종사원
07,영업·판매·운전·운송,07B,택배·납품영업·선박갑판·하역 및 기타 운송,624401,하역·적재 종사원
07,영업·판매·운전·운송,07B,택배·납품영업·선박갑판·하역 및 기타 운송,624402,물건·이삿짐 운반원
07,영업·판매·운전·운송,07B,택배·납품영업·선박갑판·하역 및 기타 운송,624900,신문·음료(우유·요구르트 등) 기타 배달원
08,건설·채굴,081,건설구조 기능(철골·철근·석공·목공·조적 등),701100,철골공(강구조물 건립원)
08,건설·채굴,081,건설구조 기능(철골·철근·석공·목공·조적 등),701200,경량철골공(석고보드공·텍스공·조립주택 건립원)
08,건설·채굴,081,건설구조 기능(철골·철근·석공·목공·조적 등),701300,철근공
08,건설·채굴,081,건설구조 기능(철골·철근·석공·목공·조적 등),701401,콘크리트공
08,건설·채굴,081,건설구조 기능(철골·철근·석공·목공·조적 등),701402,콘크리트건물·피시 조립원
08,건설·채굴,081,건설구조 기능(철골·철근·석공·목공·조적 등),701500,건축 석공
08,건설·채굴,081,건설구조 기능(철골·철근·석공·목공·조적 등),701600,건축 목공
08,건설·채굴,081,건설구조 기능(철골·철근·석공·목공·조적 등),701601,형틀 목공(거푸집 설치공)
08,건설·채굴,081,건설구조 기능(철골·철근·석공·목공·조적 등),701602,외장 목공(목조주택 건립)
08,건설·채굴,081,건설구조 기능(철골·철근·석공·목공·조적 등),701603,내장 목공(인테리어 목공 - 나무창호· 주방가구· 싱크대· 인테리어 치장)
08,건설·채굴,081,건설구조 기능(철골·철근·석공·목공·조적 등),701604,전통 건축원
08,건설·채굴,081,건설구조 기능(철골·철근·석공·목공·조적 등),701700,조적공 및 석재 부설공
08,건설·채굴,081,건설구조 기능(철골·철근·석공·목공·조적 등),701900,기타 건설 구조 기능원
08,건설·채굴,081,건설구조 기능(철골·철근·석공·목공·조적 등),701901,건설현장반장
08,건설·채굴,081,건설구조 기능(철골·철근·석공·목공·조적 등),701902,비계공
08,건설·채굴,081,건설구조 기능(철골·철근·석공·목공·조적 등),701903,건물칸막이 설치원
08,건설·채굴,081,건설구조 기능(철골·철근·석공·목공·조적 등),701904,기타 건설 기능원(건물해체·정화조설치·방음벽설치 등)
08,건설·채굴,082,건축마감 기능(미장·단열·도배·새시·영선 등),702100,미장공
08,건설·채굴,082,건축마감 기능(미장·단열·도배·새시·영선 등),702200,방수공
08,건설·채굴,082,건축마감 기능(미장·단열·도배·새시·영선 등),702300,단열공
08,건설·채굴,082,건축마감 기능(미장·단열·도배·새시·영선 등),702400,바닥재 시공원
08,건설·채굴,082,건축마감 기능(미장·단열·도배·새시·영선 등),702401,타일·대리석 시공원
08,건설·채굴,082,건축마감 기능(미장·단열·도배·새시·영선 등),702402,장판·카펫 시공원
08,건설·채굴,082,건축마감 기능(미장·단열·도배·새시·영선 등),702500,도배공 및 유리 부착원
08,건설·채굴,082,건축마감 기능(미장·단열·도배·새시·영선 등),702501,도배공
08,건설·채굴,082,건축마감 기능(미장·단열·도배·새시·영선 등),702502,유리 부착원(유리공)
08,건설·채굴,082,건축마감 기능(미장·단열·도배·새시·영선 등),702600,건물 도장공
08,건설·채굴,082,건축마감 기능(미장·단열·도배·새시·영선 등),702701,새시 조립·설치원
08,건설·채굴,082,건축마감 기능(미장·단열·도배·새시·영선 등),702702,새시 보조원(견습공)
08,건설·채굴,082,건축마감 기능(미장·단열·도배·새시·영선 등),702900,기타 건축 마감 기능원
08,건설·채굴,082,건축마감 기능(미장·단열·도배·새시·영선 등),702901,건물 보수원 및 영선원(아파트 기계·전기 시설관리 제외)
08,건설·채굴,082,건축마감 기능(미장·단열·도배·새시·영선 등),702902,지붕잇기원 등 기타 건축 마감 기능원
08,건설·채굴,083,배관,703100,건설 배관공
08,건설·채굴,083,배관,703101,건축 배관공(옥내급수관·상하수배관·위생 배관)
08,건설·채굴,083,배관,703102,가스 배관공(가스관 설치원)
08,건설·채굴,083,배관,703200,공업 배관공(플랜트·항공·선박·철도차량)
08,건설·채굴,083,배관,703900,기타 배관공
08,건설·채굴,083,배관,703901,기타 배관공(배관누수 탐지원)
08,건설·채굴,083,배관,703902,배관 보조원
08,건설·채굴,083,배관,824100,용접원
08,건설·채굴,084,건설·채굴 기계 운전,623001,크레인 운전원(천정·타워 제외)
08,건설·채굴,084,건설·채굴 기계 운전,623002,천장·타워 크레인 운전원
08,건설·채굴,084,건설·채굴 기계 운전,704000,건설·채굴 기계 운전원
08,건설·채굴,084,건설·채굴 기계 운전,704001,굴착기(굴삭기·포클레인) 운전원
08,건설·채굴,084,건설·채굴 기계 운전,704002,로더 운전원(페이로더 운전원)
08,건설·채굴,084,건설·채굴 기계 운전,704003,레미콘 차량 운전원(콘크리트 믹서 트럭)
08,건설·채굴,084,건설·채굴 기계 운전,704004,도로정지기· 덤프트럭 등 기타 건설·채굴 기계 운전원
08,건설·채굴,084,건설·채굴 기계 운전,704005,농림어업 기계 운전원
08,건설·채굴,085,기타 건설 기능(광원·채석·철로설치 등),705100,광원· 채석원 및 석재 절단원
08,건설·채굴,085,기타 건설 기능(광원·채석·철로설치 등),705101,광원 및 채석원
08,건설·채굴,085,기타 건설 기능(광원·채석·철로설치 등),705102,석재 가공원(석재 절단· 연마· 조각원 등)
08,건설·채굴,085,기타 건설 기능(광원·채석·철로설치 등),705200,철로 설치·보수원
08,건설·채굴,085,기타 건설 기능(광원·채석·철로설치 등),705900,기타 채굴·토목 종사원
08,건설·채굴,085,기타 건설 기능(광원·채석·철로설치 등),705901,점화·발파·화약관리원 및 삭구원
08,건설·채굴,085,기타 건설 기능(광원·채석·철로설치 등),705902,잠수 기능원(잠수부· 구난 잠수요원)
08,건설·채굴,086,건설·채굴 단순 종사자,706000,건설·채굴 단순 종사원
08,건설·채굴,086,건설·채굴 단순 종사자,706001,조경시설물 설치원
08,건설·채굴,086,건설·채굴 단순 종사자,706002,건설·채굴 단순 종사원
09,설치·정비·생산-기계·금속·재료,091,기계장비 설치·정비,811100,공업기계 설치·정비원
09,설치·정비·생산-기계·금속·재료,091,기계장비 설치·정비,811101,공작기계 설치·정비원
09,설치·정비·생산-기계·금속·재료,091,기계장비 설치·정비,811102,화학기계 설치·정비원
09,설치·정비·생산-기계·금속·재료,091,기계장비 설치·정비,811103,섬유기계 설치·정비원
09,설치·정비·생산-기계·금속·재료,091,기계장비 설치·정비,811104,전자제품 제조기계 설치·정비원
09,설치·정비·생산-기계·금속·재료,091,기계장비 설치·정비,811105,식품기계 설치·정비원
09,설치·정비·생산-기계·금속·재료,091,기계장비 설치·정비,811106,기타 공업기계 설치·정비원
09,설치·정비·생산-기계·금속·재료,091,기계장비 설치·정비,811200,승강기 설치·정비원
09,설치·정비·생산-기계·금속·재료,091,기계장비 설치·정비,811201,엘리베이터 설치·정비원
09,설치·정비·생산-기계·금속·재료,091,기계장비 설치·정비,811202,에스컬레이터 설치·정비원(무빙워크 포함)
09,설치·정비·생산-기계·금속·재료,091,기계장비 설치·정비,811203,기타 승강기 설치·정비원(휠체어리프트· 자동문 포함)
09,설치·정비·생산-기계·금속·재료,091,기계장비 설치·정비,811300,물품이동장비 설치·정비원
09,설치·정비·생산-기계·금속·재료,091,기계장비 설치·정비,811301,크레인·호이스트 설치·정비원
09,설치·정비·생산-기계·금속·재료,091,기계장비 설치·정비,811302,지게차 정비원
09,설치·정비·생산-기계·금속·재료,091,기계장비 설치·정비,811400,냉동·냉장·공조기 설치·정비원
09,설치·정비·생산-기계·금속·재료,091,기계장비 설치·정비,811401,산업용 냉동·냉장·공조기 설치·정비원
09,설치·정비·생산-기계·금속·재료,091,기계장비 설치·정비,811402,건물·가정용 냉동·냉장·공조기 설치·정비원
09,설치·정비·생산-기계·금속·재료,091,기계장비 설치·정비,811500,보일러 설치·정비원
09,설치·정비·생산-기계·금속·재료,091,기계장비 설치·정비,811501,산업용 보일러 설치·수리원
09,설치·정비·생산-기계·금속·재료,091,기계장비 설치·정비,811502,건물·가정용 보일러 설치·수리원
09,설치·정비·생산-기계·금속·재료,091,기계장비 설치·정비,811600,건설·광업용 기계 설치·정비원
09,설치·정비·생산-기계·금속·재료,091,기계장비 설치·정비,811900,농업용 및 기타 기계장비 설치 및 정비원
09,설치·정비·생산-기계·금속·재료,092,운송장비 정비,812100,항공기 정비원
09,설치·정비·생산-기계·금속·재료,092,운송장비 정비,812200,선박 정비원
09,설치·정비·생산-기계·금속·재료,092,운송장비 정비,812300,철도기관차·전동차 정비원
09,설치·정비·생산-기계·금속·재료,092,운송장비 정비,812400,자동차 정비원
09,설치·정비·생산-기계·금속·재료,092,운송장비 정비,812401,자동차 엔진·섀시·전기·전자 정비원
09,설치·정비·생산-기계·금속·재료,092,운송장비 정비,812402,자동차 차체·판금·도장 정비원
09,설치·정비·생산-기계·금속·재료,092,운송장비 정비,812403,자동차 경정비원
09,설치·정비·생산-기계·금속·재료,092,운송장비 정비,812404,자동차 튜닝원
09,설치·정비·생산-기계·금속·재료,092,운송장비 정비,812900,오토바이·자전거 및 기타 운송장비 정비원
09,설치·정비·생산-기계·금속·재료,093,금형 및 공작기계 조작,813100,금형원
09,설치·정비·생산-기계·금속·재료,093,금형 및 공작기계 조작,813101,프레스 금형 제조원
09,설치·정비·생산-기계·금속·재료,093,금형 및 공작기계 조작,813102,플라스틱 금형 제조원
09,설치·정비·생산-기계·금속·재료,093,금형 및 공작기계 조작,813103,다이캐스팅 금형 제조원
09,설치·정비·생산-기계·금속·재료,093,금형 및 공작기계 조작,813104,캐드캠 기능원
09,설치·정비·생산-기계·금속·재료,093,금형 및 공작기계 조작,813105,금형제조 보조원
09,설치·정비·생산-기계·금속·재료,093,금형 및 공작기계 조작,813200,금속 공작기계 조작원
09,설치·정비·생산-기계·금속·재료,093,금형 및 공작기계 조작,813201,CNC 선반 조작원(NC 선반 조작원)
09,설치·정비·생산-기계·금속·재료,093,금형 및 공작기계 조작,813202,범용 선반 조작원
09,설치·정비·생산-기계·금속·재료,093,금형 및 공작기계 조작,813203,CNC 밀링기 조작원(NC 밀링기 조작원)
09,설치·정비·생산-기계·금속·재료,093,금형 및 공작기계 조작,813204,범용 밀링기조작원
09,설치·정비·생산-기계·금속·재료,093,금형 및 공작기계 조작,813205,드릴링기 및 보링기 조작원
09,설치·정비·생산-기계·금속·재료,093,금형 및 공작기계 조작,813206,연삭기 및 연마(광택)기 조작원
09,설치·정비·생산-기계·금속·재료,093,금형 및 공작기계 조작,813207,프레스기 및 절단기 조작원
09,설치·정비·생산-기계·금속·재료,093,금형 및 공작기계 조작,813208,톱기계 조작원
09,설치·정비·생산-기계·금속·재료,093,금형 및 공작기계 조작,813209,금속절곡기 조작원(밴딩기 조작원)
09,설치·정비·생산-기계·금속·재료,093,금형 및 공작기계 조작,813210,머시닝센터(MCT) 조작원
09,설치·정비·생산-기계·금속·재료,093,금형 및 공작기계 조작,813211,방전기 및 와이어컷 방전기 조작원
09,설치·정비·생산-기계·금속·재료,093,금형 및 공작기계 조작,813212,레이저 절단원
09,설치·정비·생산-기계·금속·재료,093,금형 및 공작기계 조작,813213,기타 금속공작기계 조작원 및 보조원
09,설치·정비·생산-기계·금속·재료,093,금형 및 공작기계 조작,821200,금속가공 기계 조작원
09,설치·정비·생산-기계·금속·재료,093,금형 및 공작기계 조작,813100,금형원
09,설치·정비·생산-기계·금속·재료,093,금형 및 공작기계 조작,813101,프레스 금형 제조원
09,설치·정비·생산-기계·금속·재료,093,금형 및 공작기계 조작,813102,플라스틱 금형 제조원
09,설치·정비·생산-기계·금속·재료,093,금형 및 공작기계 조작,813103,다이캐스팅 금형 제조원
09,설치·정비·생산-기계·금속·재료,093,금형 및 공작기계 조작,813104,캐드캠 기능원
09,설치·정비·생산-기계·금속·재료,093,금형 및 공작기계 조작,813105,금형제조 보조원
09,설치·정비·생산-기계·금속·재료,093,금형 및 공작기계 조작,813200,금속 공작기계 조작원
09,설치·정비·생산-기계·금속·재료,093,금형 및 공작기계 조작,813201,CNC 선반 조작원(NC 선반 조작원)
09,설치·정비·생산-기계·금속·재료,093,금형 및 공작기계 조작,813202,범용 선반 조작원
09,설치·정비·생산-기계·금속·재료,093,금형 및 공작기계 조작,813203,CNC 밀링기 조작원(NC 밀링기 조작원)
09,설치·정비·생산-기계·금속·재료,093,금형 및 공작기계 조작,813204,범용 밀링기조작원
09,설치·정비·생산-기계·금속·재료,093,금형 및 공작기계 조작,813205,드릴링기 및 보링기 조작원
09,설치·정비·생산-기계·금속·재료,093,금형 및 공작기계 조작,813206,연삭기 및 연마(광택)기 조작원
09,설치·정비·생산-기계·금속·재료,093,금형 및 공작기계 조작,813207,프레스기 및 절단기 조작원
09,설치·정비·생산-기계·금속·재료,093,금형 및 공작기계 조작,813208,톱기계 조작원
09,설치·정비·생산-기계·금속·재료,093,금형 및 공작기계 조작,813209,금속절곡기 조작원(밴딩기 조작원)
09,설치·정비·생산-기계·금속·재료,093,금형 및 공작기계 조작,813210,머시닝센터(MCT) 조작원
09,설치·정비·생산-기계·금속·재료,093,금형 및 공작기계 조작,813211,방전기 및 와이어컷 방전기 조작원
09,설치·정비·생산-기계·금속·재료,093,금형 및 공작기계 조작,813212,레이저 절단원
09,설치·정비·생산-기계·금속·재료,093,금형 및 공작기계 조작,813213,기타 금속공작기계 조작원 및 보조원
09,설치·정비·생산-기계·금속·재료,093,금형 및 공작기계 조작,821200,금속가공 기계 조작원
09,설치·정비·생산-기계·금속·재료,094,냉난방 설비·자동 조립라인·산업용 로봇 조작,814000,냉·난방 설비 조작원
09,설치·정비·생산-기계·금속·재료,094,냉난방 설비·자동 조립라인·산업용 로봇 조작,814001,산업용 냉난방 설비 조작원
09,설치·정비·생산-기계·금속·재료,094,냉난방 설비·자동 조립라인·산업용 로봇 조작,814002,건물용 냉난방 설비 조작원
09,설치·정비·생산-기계·금속·재료,094,냉난방 설비·자동 조립라인·산업용 로봇 조작,815000,자동조립라인·산업용로봇 조작원
09,설치·정비·생산-기계·금속·재료,094,냉난방 설비·자동 조립라인·산업용 로봇 조작,815001,자동조립라인 조작원
09,설치·정비·생산-기계·금속·재료,094,냉난방 설비·자동 조립라인·산업용 로봇 조작,815002,산업용 로봇 조작원
09,설치·정비·생산-기계·금속·재료,094,냉난방 설비·자동 조립라인·산업용 로봇 조작,834000,전기·전자 설비 조작원
09,설치·정비·생산-기계·금속·재료,095,기계 및 운송장비 조립,816100,일반기계 조립원
09,설치·정비·생산-기계·금속·재료,095,기계 및 운송장비 조립,816101,공작기계 조립·검사원
09,설치·정비·생산-기계·금속·재료,095,기계 및 운송장비 조립,816102,공업기계 조립·검사원(공작기계 제외)
09,설치·정비·생산-기계·금속·재료,095,기계 및 운송장비 조립,816103,건설·광업·농업 기계 조립·검사원
09,설치·정비·생산-기계·금속·재료,095,기계 및 운송장비 조립,816104,공구 조립·검사원
09,설치·정비·생산-기계·금속·재료,095,기계 및 운송장비 조립,816105,기타 기계 조립·검사원
09,설치·정비·생산-기계·금속·재료,095,기계 및 운송장비 조립,816200,금속기계부품 조립원
09,설치·정비·생산-기계·금속·재료,095,기계 및 운송장비 조립,817100,자동차 조립·검사원
09,설치·정비·생산-기계·금속·재료,095,기계 및 운송장비 조립,817200,자동차 부품 조립·검사원
09,설치·정비·생산-기계·금속·재료,095,기계 및 운송장비 조립,817300,항공기·선박·철도기관차·전동차 등 운송장비 조립·검사원
09,설치·정비·생산-기계·금속·재료,096,금속관련 기계·설비 조작,813200,금속 공작기계 조작원
09,설치·정비·생산-기계·금속·재료,096,금속관련 기계·설비 조작,821100,금속가공 제어장치 조작원(용광로·용해로·금속가열로)
09,설치·정비·생산-기계·금속·재료,096,금속관련 기계·설비 조작,821200,금속가공 기계 조작원
09,설치·정비·생산-기계·금속·재료,096,금속관련 기계·설비 조작,821201,압연기 조작원
09,설치·정비·생산-기계·금속·재료,096,금속관련 기계·설비 조작,821202,금속 열처리로 조작원
09,설치·정비·생산-기계·금속·재료,096,금속관련 기계·설비 조작,821203,인발·신선·연선·압출기 조작원
09,설치·정비·생산-기계·금속·재료,096,금속관련 기계·설비 조작,821204,금속가공 검사원
09,설치·정비·생산-기계·금속·재료,097,판금·제관·단조·주조,703101,건축 배관공(옥내급수관·상하수배관·위생 배관)
09,설치·정비·생산-기계·금속·재료,097,판금·제관·단조·주조,703102,가스 배관공(가스관 설치원)
09,설치·정비·생산-기계·금속·재료,097,판금·제관·단조·주조,703200,공업 배관공(플랜트·항공·선박·철도차량)
09,설치·정비·생산-기계·금속·재료,097,판금·제관·단조·주조,703902,배관 보조원
09,설치·정비·생산-기계·금속·재료,097,판금·제관·단조·주조,822100,판금원(덕트원 포함)
09,설치·정비·생산-기계·금속·재료,097,판금·제관·단조·주조,822201,판금기 조작원
09,설치·정비·생산-기계·금속·재료,097,판금·제관·단조·주조,822202,판금기 보조원(견습공)
09,설치·정비·생산-기계·금속·재료,097,판금·제관·단조·주조,822301,제관원
09,설치·정비·생산-기계·금속·재료,097,판금·제관·단조·주조,822302,제관 보조원(견습공)
09,설치·정비·생산-기계·금속·재료,097,판금·제관·단조·주조,822400,제관기 조작원
09,설치·정비·생산-기계·금속·재료,097,판금·제관·단조·주조,823101,단조원
09,설치·정비·생산-기계·금속·재료,097,판금·제관·단조·주조,823102,단조 보조원(견습공)
09,설치·정비·생산-기계·금속·재료,097,판금·제관·단조·주조,823200,단조기조작원
09,설치·정비·생산-기계·금속·재료,097,판금·제관·단조·주조,823300,주조원
09,설치·정비·생산-기계·금속·재료,097,판금·제관·단조·주조,823301,주조원(목형원· 원형원· 주형원)
09,설치·정비·생산-기계·금속·재료,097,판금·제관·단조·주조,823302,주조 보조원(견습공)
09,설치·정비·생산-기계·금속·재료,098,용접,703101,건축 배관공(옥내급수관·상하수배관·위생 배관)
09,설치·정비·생산-기계·금속·재료,098,용접,703102,가스 배관공(가스관 설치원)
09,설치·정비·생산-기계·금속·재료,098,용접,703200,공업 배관공(플랜트·항공·선박·철도차량)
09,설치·정비·생산-기계·금속·재료,098,용접,703902,배관 보조원
09,설치·정비·생산-기계·금속·재료,098,용접,823400,주조기 조작원(다이캐스팅기 조작원 포함)
09,설치·정비·생산-기계·금속·재료,098,용접,824100,용접원
09,설치·정비·생산-기계·금속·재료,098,용접,824101,가스용접원(산소용접원)
09,설치·정비·생산-기계·금속·재료,098,용접,824102,전기용접원(아크·알곤·티그용접원)
09,설치·정비·생산-기계·금속·재료,098,용접,824103,화염절단원
09,설치·정비·생산-기계·금속·재료,098,용접,824104,조선용접원(조선취부사 포함)
09,설치·정비·생산-기계·금속·재료,098,용접,824105,납땜원
09,설치·정비·생산-기계·금속·재료,098,용접,824106,기타 용접원
09,설치·정비·생산-기계·금속·재료,098,용접,824107,용접 사상원 및 보조원
09,설치·정비·생산-기계·금속·재료,098,용접,824200,자동용접기 및 용접로봇 조작원
09,설치·정비·생산-기계·금속·재료,099,도장·도금,825100,도장원(도장기조작원)
09,설치·정비·생산-기계·금속·재료,099,도장·도금,825101,자동차 도장기 조작원
09,설치·정비·생산-기계·금속·재료,099,도장·도금,825102,금속제품 도장기 조작원
09,설치·정비·생산-기계·금속·재료,099,도장·도금,825103,가구 및 기타 도장기 조작원
09,설치·정비·생산-기계·금속·재료,099,도장·도금,825200,도금·금속분무기 조작원
09,설치·정비·생산-기계·금속·재료,09A,비금속제품 생산기계 조작,826100,유리·유리제품 생산기계 조작원
09,설치·정비·생산-기계·금속·재료,09A,비금속제품 생산기계 조작,826101,유리 생산기계 조작원
09,설치·정비·생산-기계·금속·재료,09A,비금속제품 생산기계 조작,826102,유리제품 생산기계 조작원
09,설치·정비·생산-기계·금속·재료,09A,비금속제품 생산기계 조작,826103,렌즈 가공기계 조작원
09,설치·정비·생산-기계·금속·재료,09A,비금속제품 생산기계 조작,826200,점토제품 생산기계 조작원
09,설치·정비·생산-기계·금속·재료,09A,비금속제품 생산기계 조작,826201,도자기 생산기계 조작원
09,설치·정비·생산-기계·금속·재료,09A,비금속제품 생산기계 조작,826202,벽돌·타일 생산기계 조작원
09,설치·정비·생산-기계·금속·재료,09A,비금속제품 생산기계 조작,826300,시멘트·광물제품 생산기계 조작원
09,설치·정비·생산-기계·금속·재료,09A,비금속제품 생산기계 조작,826400,광석·석제품 생산기계 조작원
09,설치·정비·생산-기계·금속·재료,09A,비금속제품 생산기계 조작,826900,기타 비금속제품 생산기계 조작원
10,설치·정비·생산-전기·전자·정보통신,101,전기공(전기공사),831100,산업 전기공(항공기·선박·철도기관차·전동차 전기공)
10,설치·정비·생산-전기·전자·정보통신,101,전기공(전기공사),831200,내선 전기공
10,설치·정비·생산-전기·전자·정보통신,101,전기공(전기공사),831201,내선 전기공(건물 내 전기공사원)
10,설치·정비·생산-전기·전자·정보통신,101,전기공(전기공사),831202,조명기구 등 전기기기 설치·정비원
10,설치·정비·생산-전기·전자·정보통신,101,전기공(전기공사),831203,발전기 설치·정비원
10,설치·정비·생산-전기·전자·정보통신,101,전기공(전기공사),831204,전기·전자 제어장치 설치·정비원
10,설치·정비·생산-전기·전자·정보통신,101,전기공(전기공사),831300,외선 전기공
10,설치·정비·생산-전기·전자·정보통신,102,전기·전자 기기 설치·수리(사무용·가전제품·기타),832100,사무용 전자기기 설치·수리원(컴퓨터 제외)
10,설치·정비·생산-전기·전자·정보통신,102,전기·전자 기기 설치·수리(사무용·가전제품·기타),832200,가전제품 설치·수리원
10,설치·정비·생산-전기·전자·정보통신,102,전기·전자 기기 설치·수리(사무용·가전제품·기타),832201,TV·비디오·오디오 설치 및 수리원
10,설치·정비·생산-전기·전자·정보통신,102,전기·전자 기기 설치·수리(사무용·가전제품·기타),832202,냉장고·세탁기 설치 및 수리원
10,설치·정비·생산-전기·전자·정보통신,102,전기·전자 기기 설치·수리(사무용·가전제품·기타),832203,에어컨·공기정화기 설치 및 수리원
10,설치·정비·생산-전기·전자·정보통신,102,전기·전자 기기 설치·수리(사무용·가전제품·기타),832204,정수기·냉온수기·비데 설치 및 수리원
10,설치·정비·생산-전기·전자·정보통신,102,전기·전자 기기 설치·수리(사무용·가전제품·기타),832205,그 외 가전제품 설치 및 수리원
10,설치·정비·생산-전기·전자·정보통신,102,전기·전자 기기 설치·수리(사무용·가전제품·기타),832900,기타 전기·전자 기기 설치·수리원
10,설치·정비·생산-전기·전자·정보통신,102,전기·전자 기기 설치·수리(사무용·가전제품·기타),832901,감시카메라 및 보안장치 설치·수리원
10,설치·정비·생산-전기·전자·정보통신,102,전기·전자 기기 설치·수리(사무용·가전제품·기타),832902,현금인출기 설치·수리원
10,설치·정비·생산-전기·전자·정보통신,102,전기·전자 기기 설치·수리(사무용·가전제품·기타),832903,포스시스템 설치·수리원(POS 설치 및 수리원)
10,설치·정비·생산-전기·전자·정보통신,102,전기·전자 기기 설치·수리(사무용·가전제품·기타),832904,의료기기·장비 설치·수리원
10,설치·정비·생산-전기·전자·정보통신,102,전기·전자 기기 설치·수리(사무용·가전제품·기타),832905,시계·카메라·광학기구 수리원
10,설치·정비·생산-전기·전자·정보통신,102,전기·전자 기기 설치·수리(사무용·가전제품·기타),832906,영상·음향기기 등 기타 전기·전자 기기 설치·수리원
10,설치·정비·생산-전기·전자·정보통신,102,전기·전자 기기 설치·수리(사무용·가전제품·기타),841100,컴퓨터 설치·수리원(컴퓨터A/S원)
10,설치·정비·생산-전기·전자·정보통신,102,전기·전자 기기 설치·수리(사무용·가전제품·기타),841200,핸드폰(휴대폰) 수리원
10,설치·정비·생산-전기·전자·정보통신,102,전기·전자 기기 설치·수리(사무용·가전제품·기타),841900,기타 정보통신기기 설치·수리원
10,설치·정비·생산-전기·전자·정보통신,103,발전·배전 장비·전기·전자 설비 조작(전기관리),814001,산업용 냉난방 설비 조작원
10,설치·정비·생산-전기·전자·정보통신,103,발전·배전 장비·전기·전자 설비 조작(전기관리),814002,건물용 냉난방 설비 조작원
10,설치·정비·생산-전기·전자·정보통신,103,발전·배전 장비·전기·전자 설비 조작(전기관리),833000,발전·배전 장치 조작원
10,설치·정비·생산-전기·전자·정보통신,103,발전·배전 장비·전기·전자 설비 조작(전기관리),834000,전기·전자 설비 조작원
10,설치·정비·생산-전기·전자·정보통신,103,발전·배전 장비·전기·전자 설비 조작(전기관리),834001,아파트 전기관리원
10,설치·정비·생산-전기·전자·정보통신,103,발전·배전 장비·전기·전자 설비 조작(전기관리),834002,빌딩 전기관리원
10,설치·정비·생산-전기·전자·정보통신,103,발전·배전 장비·전기·전자 설비 조작(전기관리),834003,공장 전기관리원
10,설치·정비·생산-전기·전자·정보통신,103,발전·배전 장비·전기·전자 설비 조작(전기관리),834004,기타 전기·전자 설비 조작원
10,설치·정비·생산-전기·전자·정보통신,104,전기·전자 부품·제품 생산기계 조작,835100,전기 부품·제품 생산기계 조작원
10,설치·정비·생산-전기·전자·정보통신,104,전기·전자 부품·제품 생산기계 조작,835200,전자 부품·제품 생산기계 조작원
10,설치·정비·생산-전기·전자·정보통신,105,전기·전자 부품·제품 조립,817200,자동차 부품 조립·검사원
10,설치·정비·생산-전기·전자·정보통신,105,전기·전자 부품·제품 조립,836000,전기·전자 부품·제품 조립원
10,설치·정비·생산-전기·전자·정보통신,105,전기·전자 부품·제품 조립,836001,전기 부품·제품 조립·검사원
10,설치·정비·생산-전기·전자·정보통신,105,전기·전자 부품·제품 조립,836002,PCB 부품·제품 조립·검사원
10,설치·정비·생산-전기·전자·정보통신,105,전기·전자 부품·제품 조립,836003,LCD 부품·제품 조립·검사원
10,설치·정비·생산-전기·전자·정보통신,105,전기·전자 부품·제품 조립,836004,LED 부품·제품 조립·검사원
10,설치·정비·생산-전기·전자·정보통신,105,전기·전자 부품·제품 조립,836005,통신기기 부품·제품 조립원(핸드폰)
10,설치·정비·생산-전기·전자·정보통신,105,전기·전자 부품·제품 조립,836006,기타 전자 부품·제품 조립·검사원
10,설치·정비·생산-전기·전자·정보통신,106,정보통신기기 설치·수리(컴퓨터·핸드폰),841100,컴퓨터 설치·수리원(컴퓨터A/S원)
10,설치·정비·생산-전기·전자·정보통신,106,정보통신기기 설치·수리(컴퓨터·핸드폰),841200,핸드폰(휴대폰) 수리원
10,설치·정비·생산-전기·전자·정보통신,106,정보통신기기 설치·수리(컴퓨터·핸드폰),841900,기타 정보통신기기 설치·수리원
10,설치·정비·생산-전기·전자·정보통신,107,방송·통신장비 및 케이블 설치·수리,842100,방송장비 설치·수리원
10,설치·정비·생산-전기·전자·정보통신,107,방송·통신장비 및 케이블 설치·수리,842200,통신장비 설치·수리원
10,설치·정비·생산-전기·전자·정보통신,107,방송·통신장비 및 케이블 설치·수리,842300,방송·통신·인터넷 케이블 설치·수리원
10,설치·정비·생산-전기·전자·정보통신,107,방송·통신장비 및 케이블 설치·수리,842301,통신·인터넷 케이블 설치·수리원
10,설치·정비·생산-전기·전자·정보통신,107,방송·통신장비 및 케이블 설치·수리,842302,방송 케이블 설치·수리원
11,설치·정비·생산-화학·환경·섬유·의복·식품가공,111,석유·화학물 가공장치 조작,851101,석유·천연가스 제조 제어장치 조작원
11,설치·정비·생산-화학·환경·섬유·의복·식품가공,111,석유·화학물 가공장치 조작,851102,폐유·재생유 처리 제어장치 조작원
11,설치·정비·생산-화학·환경·섬유·의복·식품가공,111,석유·화학물 가공장치 조작,851200,화학물 가공장치 조작원
11,설치·정비·생산-화학·환경·섬유·의복·식품가공,111,석유·화학물 가공장치 조작,851900,기타 석유·화학물 가공장치 조작원
11,설치·정비·생산-화학·환경·섬유·의복·식품가공,112,고무·플라스틱 및 화학제품 생산기계 조작,852100,타이어·고무제품 생산기계 조작원
11,설치·정비·생산-화학·환경·섬유·의복·식품가공,112,고무·플라스틱 및 화학제품 생산기계 조작,852101,고무 사출성형기 조작원
11,설치·정비·생산-화학·환경·섬유·의복·식품가공,112,고무·플라스틱 및 화학제품 생산기계 조작,852102,고무 압출성형기 조작원
11,설치·정비·생산-화학·환경·섬유·의복·식품가공,112,고무·플라스틱 및 화학제품 생산기계 조작,852103,고무 프레스기 조작원
11,설치·정비·생산-화학·환경·섬유·의복·식품가공,112,고무·플라스틱 및 화학제품 생산기계 조작,852104,타이어 생산기계 조작원
11,설치·정비·생산-화학·환경·섬유·의복·식품가공,112,고무·플라스틱 및 화학제품 생산기계 조작,852200,플라스틱제품 생산기계 조작원
11,설치·정비·생산-화학·환경·섬유·의복·식품가공,112,고무·플라스틱 및 화학제품 생산기계 조작,852201,플라스틱 사출성형기 조작원
11,설치·정비·생산-화학·환경·섬유·의복·식품가공,112,고무·플라스틱 및 화학제품 생산기계 조작,852202,플라스틱 압출성형기 조작원
11,설치·정비·생산-화학·환경·섬유·의복·식품가공,112,고무·플라스틱 및 화학제품 생산기계 조작,852300,화학제품 생산기계 조작원(고무·플라스틱 제외)
11,설치·정비·생산-화학·환경·섬유·의복·식품가공,112,고무·플라스틱 및 화학제품 생산기계 조작,852301,도료·잉크제품 생산기계 조작원
11,설치·정비·생산-화학·환경·섬유·의복·식품가공,112,고무·플라스틱 및 화학제품 생산기계 조작,852302,화장품·비누제품 생산기계 조작원
11,설치·정비·생산-화학·환경·섬유·의복·식품가공,112,고무·플라스틱 및 화학제품 생산기계 조작,852303,의약품 생산기계 조작원
11,설치·정비·생산-화학·환경·섬유·의복·식품가공,112,고무·플라스틱 및 화학제품 생산기계 조작,852304,농약·비료 생산기계 조작원
11,설치·정비·생산-화학·환경·섬유·의복·식품가공,112,고무·플라스틱 및 화학제품 생산기계 조작,852305,기타 화학제품 생산기계 조작원
11,설치·정비·생산-화학·환경·섬유·의복·식품가공,112,고무·플라스틱 및 화학제품 생산기계 조작,852400,고무·플라스틱 제품 조립원
11,설치·정비·생산-화학·환경·섬유·의복·식품가공,112,고무·플라스틱 및 화학제품 생산기계 조작,852401,고무제품 조립원 및 검사원
11,설치·정비·생산-화학·환경·섬유·의복·식품가공,112,고무·플라스틱 및 화학제품 생산기계 조작,852402,플라스틱제품 조립원 및 검사원
11,설치·정비·생산-화학·환경·섬유·의복·식품가공,113,환경 장치 조작(상하수도·재활용처리),853100,상·하수도 처리장치 조작원
11,설치·정비·생산-화학·환경·섬유·의복·식품가공,113,환경 장치 조작(상하수도·재활용처리),853101,물펌프·정수 처리장치 조작원
11,설치·정비·생산-화학·환경·섬유·의복·식품가공,113,환경 장치 조작(상하수도·재활용처리),853102,하수·폐수 처리장치 조작원
11,설치·정비·생산-화학·환경·섬유·의복·식품가공,113,환경 장치 조작(상하수도·재활용처리),853103,기타 상·하수도 처리장치 조작원(댐수문· 저수지)
11,설치·정비·생산-화학·환경·섬유·의복·식품가공,113,환경 장치 조작(상하수도·재활용처리),853200,재활용 처리장치·소각로 조작원
11,설치·정비·생산-화학·환경·섬유·의복·식품가공,113,환경 장치 조작(상하수도·재활용처리),853201,소각로 조작원
11,설치·정비·생산-화학·환경·섬유·의복·식품가공,113,환경 장치 조작(상하수도·재활용처리),853202,재활용 처리장치 조작원
11,설치·정비·생산-화학·환경·섬유·의복·식품가공,114,섬유 제조 및 가공 기계 조작,861100,섬유 제조기계 조작원(방적·방사·연사·합사·권사기 등)
11,설치·정비·생산-화학·환경·섬유·의복·식품가공,114,섬유 제조 및 가공 기계 조작,861200,직조기·편직기 조작원
11,설치·정비·생산-화학·환경·섬유·의복·식품가공,114,섬유 제조 및 가공 기계 조작,861201,제직기(직조기) 조작원
11,설치·정비·생산-화학·환경·섬유·의복·식품가공,114,섬유 제조 및 가공 기계 조작,861202,편직기 조작원
11,설치·정비·생산-화학·환경·섬유·의복·식품가공,114,섬유 제조 및 가공 기계 조작,861203,기타 직조기·편직기 조작원(정단·정경·연경·통경기 등)
11,설치·정비·생산-화학·환경·섬유·의복·식품가공,114,섬유 제조 및 가공 기계 조작,861204,섬유가공 준비 및 후가공 처리원
11,설치·정비·생산-화학·환경·섬유·의복·식품가공,114,섬유 제조 및 가공 기계 조작,861300,표백·염색기 조작원
11,설치·정비·생산-화학·환경·섬유·의복·식품가공,114,섬유 제조 및 가공 기계 조작,861301,염색 준비 및 조색기 조작원
11,설치·정비·생산-화학·환경·섬유·의복·식품가공,114,섬유 제조 및 가공 기계 조작,861302,정련·표백기 조작원
11,설치·정비·생산-화학·환경·섬유·의복·식품가공,114,섬유 제조 및 가공 기계 조작,861303,염색기 조작원
11,설치·정비·생산-화학·환경·섬유·의복·식품가공,114,섬유 제조 및 가공 기계 조작,861304,날염기 조작원(나염기)
11,설치·정비·생산-화학·환경·섬유·의복·식품가공,115,패턴·재단·재봉,415201,의상 디자이너
11,설치·정비·생산-화학·환경·섬유·의복·식품가공,115,패턴·재단·재봉,862100,패턴사
11,설치·정비·생산-화학·환경·섬유·의복·식품가공,115,패턴·재단·재봉,862200,재단사
11,설치·정비·생산-화학·환경·섬유·의복·식품가공,115,패턴·재단·재봉,862300,재봉사
11,설치·정비·생산-화학·환경·섬유·의복·식품가공,115,패턴·재단·재봉,862301,재봉사(의류·직물)
11,설치·정비·생산-화학·환경·섬유·의복·식품가공,115,패턴·재단·재봉,862302,가죽·모피·신발 재봉사
11,설치·정비·생산-화학·환경·섬유·의복·식품가공,115,패턴·재단·재봉,862303,기계 자수원
11,설치·정비·생산-화학·환경·섬유·의복·식품가공,115,패턴·재단·재봉,862900,의복·직물 검사 등 기타 섬유·가죽 기능원
11,설치·정비·생산-화학·환경·섬유·의복·식품가공,116,의복 제조 및 수선,863100,한복 제조원
11,설치·정비·생산-화학·환경·섬유·의복·식품가공,116,의복 제조 및 수선,863200,양장·양복 제조원
11,설치·정비·생산-화학·환경·섬유·의복·식품가공,116,의복 제조 및 수선,863300,모피·가죽의복 제조원
11,설치·정비·생산-화학·환경·섬유·의복·식품가공,116,의복 제조 및 수선,863400,의복·가죽·모피 수선원
11,설치·정비·생산-화학·환경·섬유·의복·식품가공,116,의복 제조 및 수선,863900,기타 의복 제조원
11,설치·정비·생산-화학·환경·섬유·의복·식품가공,117,제화·기타 섬유·의복 기계 조작,864100,제화원
11,설치·정비·생산-화학·환경·섬유·의복·식품가공,117,제화·기타 섬유·의복 기계 조작,864200,신발 제조기계 조작원 및 조립원
11,설치·정비·생산-화학·환경·섬유·의복·식품가공,117,제화·기타 섬유·의복 기계 조작,864300,세탁 기계 조작원
11,설치·정비·생산-화학·환경·섬유·의복·식품가공,117,제화·기타 섬유·의복 기계 조작,864900,기타 직물·신발 기계 조작원 및 조립원
11,설치·정비·생산-화학·환경·섬유·의복·식품가공,118,제과·제빵 및 떡 제조,531201,한식 조리사(일반 음식점)
11,설치·정비·생산-화학·환경·섬유·의복·식품가공,118,제과·제빵 및 떡 제조,871100,제과·제빵원
11,설치·정비·생산-화학·환경·섬유·의복·식품가공,118,제과·제빵 및 떡 제조,871200,떡 제조원(한과 포함)
11,설치·정비·생산-화학·환경·섬유·의복·식품가공,119,식품가공 기능원(도축·정육·김치·밑반찬제조 등),532301,주방 보조원(일반 음식점)
11,설치·정비·생산-화학·환경·섬유·의복·식품가공,119,식품가공 기능원(도축·정육·김치·밑반찬제조 등),872100,정육원 및 도축원
11,설치·정비·생산-화학·환경·섬유·의복·식품가공,119,식품가공 기능원(도축·정육·김치·밑반찬제조 등),872101,도축원
11,설치·정비·생산-화학·환경·섬유·의복·식품가공,119,식품가공 기능원(도축·정육·김치·밑반찬제조 등),872102,정육원
11,설치·정비·생산-화학·환경·섬유·의복·식품가공,119,식품가공 기능원(도축·정육·김치·밑반찬제조 등),872200,김치·밑반찬 제조 종사원
11,설치·정비·생산-화학·환경·섬유·의복·식품가공,119,식품가공 기능원(도축·정육·김치·밑반찬제조 등),872300,식품·담배 등급원
11,설치·정비·생산-화학·환경·섬유·의복·식품가공,119,식품가공 기능원(도축·정육·김치·밑반찬제조 등),872900,기타 식품가공 종사원 (건강원·탕제원)
11,설치·정비·생산-화학·환경·섬유·의복·식품가공,11A,식품가공 기계 조작,873100,육류·어패류·낙농품 가공기계 조작원
11,설치·정비·생산-화학·환경·섬유·의복·식품가공,11A,식품가공 기계 조작,873101,육류 가공기계 조작원
11,설치·정비·생산-화학·환경·섬유·의복·식품가공,11A,식품가공 기계 조작,873102,어패류(수산물) 가공기계 조작원
11,설치·정비·생산-화학·환경·섬유·의복·식품가공,11A,식품가공 기계 조작,873103,낙농품 가공기계 조작원
11,설치·정비·생산-화학·환경·섬유·의복·식품가공,11A,식품가공 기계 조작,873200,제분·도정 기계 조작원
11,설치·정비·생산-화학·환경·섬유·의복·식품가공,11A,식품가공 기계 조작,873300,곡물 가공제품 기계 조작원
11,설치·정비·생산-화학·환경·섬유·의복·식품가공,11A,식품가공 기계 조작,873301,과자·빵·떡·캔디·초콜릿 제조기계 조작원
11,설치·정비·생산-화학·환경·섬유·의복·식품가공,11A,식품가공 기계 조작,873302,두부 및 유사제품 생산기계 조작원
11,설치·정비·생산-화학·환경·섬유·의복·식품가공,11A,식품가공 기계 조작,873303,국수 및 면류제품 생산기계 조작원
11,설치·정비·생산-화학·환경·섬유·의복·식품가공,11A,식품가공 기계 조작,873400,과실·채소 기계 조작원
11,설치·정비·생산-화학·환경·섬유·의복·식품가공,11A,식품가공 기계 조작,873500,음료 제조기계 조작원
11,설치·정비·생산-화학·환경·섬유·의복·식품가공,11A,식품가공 기계 조작,873900,기타 식품가공기계 조작원(유지· 장류· 조미식품· 설탕· 커피· 담배 등)
12,설치·정비·생산-인쇄·목재·공예 및 제조 단순,121,인쇄기계·사진현상기 조작,881100,인쇄기계 조작원
12,설치·정비·생산-인쇄·목재·공예 및 제조 단순,121,인쇄기계·사진현상기 조작,881101,인쇄판·인쇄필름 출력원
12,설치·정비·생산-인쇄·목재·공예 및 제조 단순,121,인쇄기계·사진현상기 조작,881102,오프셋·윤전 인쇄기 조작원
12,설치·정비·생산-인쇄·목재·공예 및 제조 단순,121,인쇄기계·사진현상기 조작,881103,그라비어 인쇄기 조작원
12,설치·정비·생산-인쇄·목재·공예 및 제조 단순,121,인쇄기계·사진현상기 조작,881104,스크린 인쇄기 조작원(실크스크린 포함)
12,설치·정비·생산-인쇄·목재·공예 및 제조 단순,121,인쇄기계·사진현상기 조작,881105,디지털 및 기타 인쇄기 조작원
12,설치·정비·생산-인쇄·목재·공예 및 제조 단순,121,인쇄기계·사진현상기 조작,881106,인쇄 후가공원
12,설치·정비·생산-인쇄·목재·공예 및 제조 단순,121,인쇄기계·사진현상기 조작,881107,제책·제본기 조작원
12,설치·정비·생산-인쇄·목재·공예 및 제조 단순,121,인쇄기계·사진현상기 조작,881200,사진 인화·현상기 조작원(사진수정 포함)
12,설치·정비·생산-인쇄·목재·공예 및 제조 단순,122,목재·펄프·종이 생산,882101,목재 가공기계 조작원
12,설치·정비·생산-인쇄·목재·공예 및 제조 단순,122,목재·펄프·종이 생산,882102,합판 제조기계 조작원
12,설치·정비·생산-인쇄·목재·공예 및 제조 단순,122,목재·펄프·종이 생산,882200,펄프·종이 제조장치 조작원
12,설치·정비·생산-인쇄·목재·공예 및 제조 단순,122,목재·펄프·종이 생산,882300,종이제품 생산기계 조작원
12,설치·정비·생산-인쇄·목재·공예 및 제조 단순,122,목재·펄프·종이 생산,882900,기타 목재·종이 기계 조작원
12,설치·정비·생산-인쇄·목재·공예 및 제조 단순,123,가구·목제품 제조·수리,883100,가구 제조·수리원
12,설치·정비·생산-인쇄·목재·공예 및 제조 단순,123,가구·목제품 제조·수리,883101,가구 제조원
12,설치·정비·생산-인쇄·목재·공예 및 제조 단순,123,가구·목제품 제조·수리,883102,가구 수리원
12,설치·정비·생산-인쇄·목재·공예 및 제조 단순,123,가구·목제품 제조·수리,883200,가구 조립원
12,설치·정비·생산-인쇄·목재·공예 및 제조 단순,123,가구·목제품 제조·수리,883300,목제품 제조원
12,설치·정비·생산-인쇄·목재·공예 및 제조 단순,124,공예 및 귀금속 세공,884100,공예원
12,설치·정비·생산-인쇄·목재·공예 및 제조 단순,124,공예 및 귀금속 세공,884200,귀금속·보석 세공원
12,설치·정비·생산-인쇄·목재·공예 및 제조 단순,125,악기·간판 및 기타 제조(드론조작 포함),885100,악기 제조원 및 조율사
12,설치·정비·생산-인쇄·목재·공예 및 제조 단순,125,악기·간판 및 기타 제조(드론조작 포함),885200,간판 제작·설치원
12,설치·정비·생산-인쇄·목재·공예 및 제조 단순,125,악기·간판 및 기타 제조(드론조작 포함),885300,유리기능· 복사· 수제 제본 등 기타 기능 종사원
12,설치·정비·생산-인쇄·목재·공예 및 제조 단순,125,악기·간판 및 기타 제조(드론조작 포함),885900,주입·포장·상표부착기 및 기타 기계 조작원
12,설치·정비·생산-인쇄·목재·공예 및 제조 단순,125,악기·간판 및 기타 제조(드론조작 포함),885901,드론 조작원
12,설치·정비·생산-인쇄·목재·공예 및 제조 단순,125,악기·간판 및 기타 제조(드론조작 포함),885902,주입·포장·상표부착기 등 기타 기계 조작원
12,설치·정비·생산-인쇄·목재·공예 및 제조 단순,126,제조 단순 종사자,816200,금속기계부품 조립원
12,설치·정비·생산-인쇄·목재·공예 및 제조 단순,126,제조 단순 종사자,824107,용접 사상원 및 보조원
12,설치·정비·생산-인쇄·목재·공예 및 제조 단순,126,제조 단순 종사자,836000,전기·전자 부품·제품 조립원
12,설치·정비·생산-인쇄·목재·공예 및 제조 단순,126,제조 단순 종사자,852401,고무제품 조립원 및 검사원
12,설치·정비·생산-인쇄·목재·공예 및 제조 단순,126,제조 단순 종사자,852402,플라스틱제품 조립원 및 검사원
12,설치·정비·생산-인쇄·목재·공예 및 제조 단순,126,제조 단순 종사자,862200,재단사
12,설치·정비·생산-인쇄·목재·공예 및 제조 단순,126,제조 단순 종사자,862301,재봉사(의류·직물)
12,설치·정비·생산-인쇄·목재·공예 및 제조 단순,126,제조 단순 종사자,862900,의복·직물 검사 등 기타 섬유·가죽 기능원
12,설치·정비·생산-인쇄·목재·공예 및 제조 단순,126,제조 단순 종사자,890000,제조 단순 종사원
12,설치·정비·생산-인쇄·목재·공예 및 제조 단순,126,제조 단순 종사자,890001,기계·금속 분야 단순 종사원
12,설치·정비·생산-인쇄·목재·공예 및 제조 단순,126,제조 단순 종사자,890002,단순 사상원(용접사상 제외-용접원구분)
12,설치·정비·생산-인쇄·목재·공예 및 제조 단순,126,제조 단순 종사자,890003,화학·환경·에너지 분야 단순 종사원
12,설치·정비·생산-인쇄·목재·공예 및 제조 단순,126,제조 단순 종사자,890004,섬유·의복 분야 단순 종사원
12,설치·정비·생산-인쇄·목재·공예 및 제조 단순,126,제조 단순 종사자,890005,전기·전자 분야 단순 종사원
12,설치·정비·생산-인쇄·목재·공예 및 제조 단순,126,제조 단순 종사자,890006,식품 분야 단순 종사원
12,설치·정비·생산-인쇄·목재·공예 및 제조 단순,126,제조 단순 종사자,890007,인쇄· 목재· 가구 및 기타 제조 분야 단순 종사원
13,농림어업직,131,작물재배,901100,곡식작물 재배원
13,농림어업직,131,작물재배,901200,채소·특용작물 재배원
13,농림어업직,131,작물재배,901300,과수작물 재배원
13,농림어업직,131,작물재배,901400,원예작물 재배원
13,농림어업직,131,작물재배,901500,조경원
13,농림어업직,131,작물재배,901501,조경 식재원
13,농림어업직,131,작물재배,901502,식물 관리원
13,농림어업직,132,낙농·사육,414901,조련사(공연)·마술사 등 기타 시각 및 공연 예술가
13,농림어업직,132,낙농·사육,420406,프로모터· 경주마 조련사 등 기타 스프츠 관련 전문가
13,농림어업직,132,낙농·사육,511502,반려동물 훈련사(맹인견 조련사 포함)
13,농림어업직,132,낙농·사육,902100,낙농 종사원
13,농림어업직,132,낙농·사육,902200,가축 사육 종사원
13,농림어업직,132,낙농·사육,902900,기타 사육 종사원(양봉·감별·동물원사육·실험동물사육 등)
13,농림어업직,133,임업 종사자,903100,조림·산림경영인 및 벌목원
13,농림어업직,133,임업 종사자,903900,임산물 채취 및 기타 임업 종사원
13,농림어업직,134,어업 종사자,904100,양식원
13,농림어업직,134,어업 종사자,904200,어부 및 해녀
13,농림어업직,135,농림어업 단순 종사자,905000,농림어업 단순 종사원
13,농림어업직,135,농림어업 단순 종사자,905001,농업 단순 종사원
13,농림어업직,135,농림어업 단순 종사자,905002,임업 단순 종사원(산림보호감시· 산불감시원 등)
13,농림어업직,135,농림어업 단순 종사자,905003,어업 단순 종사원